char1,char2,char3,char4,char5,char6,char7,char8,char9,char10,char11,char12,char13,char14,char15,char16,char17,char18,char19,char20,char21,char22,char23,char24,char25,char26,char27,char28,char29,char30,char31,char32,char33,char34,char35,char36,char37,char38,char39,char40,char41,char42,char43,char44,char45,char46,char47,char48,char49,char50,char51,char52,char53,char54,char55,char56,char57,char58,char59,char60,char61,char62,char63,char64,char65,char66,char67,char68,char69,char70
4,1,2,4,1,2,4,1,1,2,1,1,2,1,2,1,4,4,2,2,1,2,1,3,1,2,3,3,1,1,2,3,3,2,3,4,4,1,1,2,1,2,3,2,1,1,1,2,3,1,3,3,2,3,1,2,2,2,2,1,1,1,1,1,3,2,3,2,3,3
1,2,4,3,2,3,2,3,3,2,3,1,2,2,3,3,4,2,3,2,3,3,3,3,2,2,1,1,4,3,3,4,2,1,1,1,1,3,3,3,3,4,3,3,2,3,4,3,1,4,4,3,2,3,3,3,1,1,1,1,2,3,1,4,3,2,2,2,2,3
2,3,3,3,3,3,2,3,3,1,3,2,2,2,2,2,2,2,3,4,1,1,3,2,2,3,2,4,3,4,3,3,3,1,1,1,2,3,2,3,1,4,3,4,1,2,1,1,1,1,1,3,3,4,2,2,2,2,2,2,4,2,4,1,4,3,3,1,1,4
2,1,4,2,2,1,3,2,2,2,2,4,4,4,1,4,3,3,2,1,2,2,2,1,1,4,1,3,3,1,1,1,2,3,1,3,3,2,1,3,2,2,2,2,3,1,4,4,3,3,1,2,3,4,1,1,3,2,3,1,1,1,1,2,2,3,2,2,3,1
2,2,2,2,4,3,4,3,4,3,1,1,1,1,4,2,3,1,1,2,3,1,3,3,1,1,3,2,3,2,2,2,2,2,4,2,3,1,1,2,1,1,2,3,2,3,3,2,1,2,2,2,1,2,3,3,4,1,3,3,3,2,3,3,1,3,2,1,2,2
2,3,2,2,4,1,3,3,3,4,4,1,3,3,2,1,3,1,4,2,2,2,3,1,4,4,4,1,2,2,1,4,3,2,3,3,1,3,3,2,2,2,4,3,1,2,2,1,4,4,3,2,3,2,2,2,2,2,2,1,4,4,2,3,1,1,2,2,2,4
4,3,4,3,2,1,4,4,3,2,3,2,4,1,1,1,3,2,4,2,2,4,2,3,2,2,2,2,2,1,4,3,2,1,3,3,2,3,2,4,1,3,4,2,3,1,2,4,3,4,2,1,3,3,3,2,1,2,2,2,1,2,1,4,4,2,4,1,3,3
3,2,2,2,3,2,3,2,4,1,1,3,1,3,3,4,4,1,4,2,4,2,2,3,1,3,2,3,4,4,1,3,4,3,1,3,1,1,3,1,3,2,2,2,2,4,2,4,4,2,4,2,3,4,3,4,4,3,3,4,1,3,2,2,2,1,1,2,1,1
2,1,1,1,1,1,1,1,2,3,1,3,1,3,1,2,2,2,3,4,3,1,2,2,2,4,2,3,4,4,2,4,1,3,3,1,1,1,2,1,1,2,4,2,4,2,3,4,2,3,1,3,1,4,2,3,3,1,1,1,2,3,1,1,1,2,1,2,2,3
3,1,3,4,2,2,3,2,3,3,2,3,4,1,4,3,4,4,4,2,3,1,2,3,3,3,1,3,1,4,3,1,2,4,4,3,3,1,3,4,4,1,4,4,2,3,2,3,4,1,3,4,2,2,2,2,2,3,1,3,4,4,2,4,4,2,1,4,3,4
2,2,4,1,3,3,1,1,4,2,3,2,1,2,3,1,2,2,2,1,3,1,3,3,2,1,3,1,3,3,3,1,2,4,3,3,1,3,3,1,2,2,4,2,1,1,2,3,1,3,3,1,1,3,4,2,3,2,1,1,1,2,3,3,4,2,2,2,2,2
2,1,4,4,3,1,2,2,4,2,1,2,3,4,2,2,2,2,1,3,4,2,3,4,2,1,1,2,3,1,1,3,3,3,2,2,1,3,1,1,2,2,1,3,1,2,4,4,3,4,4,2,2,2,3,3,1,4,1,4,2,2,2,2,3,1,2,1,4,2
4,4,1,3,3,3,3,2,1,1,2,2,3,2,3,3,1,1,1,3,4,3,3,2,1,4,1,3,3,2,3,2,1,1,3,1,1,1,1,2,2,1,4,4,2,3,1,2,2,2,3,1,3,2,2,4,4,3,2,3,3,1,4,2,3,2,3,1,2,2
2,3,4,1,4,2,3,4,2,1,2,3,1,1,3,1,4,3,3,3,2,2,2,4,4,2,4,4,3,1,3,2,3,1,2,3,1,3,3,1,3,3,1,4,4,1,2,3,1,1,1,1,3,3,1,3,4,1,3,2,4,4,1,2,3,4,1,3,1,4
2,3,4,1,3,4,3,3,3,2,3,1,3,3,3,1,3,2,3,1,1,3,3,4,2,3,4,4,1,1,2,3,2,2,3,3,2,2,2,2,4,1,3,2,2,3,3,1,2,2,3,4,4,4,3,3,1,3,4,2,2,4,4,2,3,3,1,4,1,2
3,3,4,2,3,2,1,1,3,2,4,2,2,3,2,3,1,1,2,2,2,4,1,4,1,3,3,1,1,1,1,1,2,1,4,2,3,3,1,3,2,1,1,1,3,3,1,1,4,2,3,2,2,1,2,3,2,2,4,3,4,2,2,2,3,2,2,1,2,1
2,3,1,3,1,1,4,3,4,1,4,2,3,4,4,1,4,2,2,2,1,2,2,2,1,4,1,3,2,1,1,3,2,3,2,3,2,2,2,1,1,3,2,2,1,1,1,1,2,2,2,1,1,1,3,3,1,1,2,1,2,3,4,2,3,2,2,2,2,2
4,1,4,1,2,3,2,1,2,1,2,2,3,1,3,2,3,2,3,1,3,2,2,2,2,3,2,3,4,2,2,4,2,2,1,2,2,1,2,1,3,3,2,4,4,2,3,2,3,2,4,2,3,1,2,3,4,2,3,1,2,3,1,1,2,4,1,4,4,1
2,4,2,4,4,2,3,1,2,2,4,2,1,4,2,1,4,4,2,4,1,4,4,2,4,4,2,3,1,3,1,2,2,4,1,1,3,4,1,4,4,2,3,2,2,4,4,2,3,2,3,3,1,4,3,2,3,4,3,4,1,1,3,4,4,4,1,2,2,4
4,2,3,2,3,1,1,3,4,2,2,1,1,3,4,4,2,3,3,3,1,1,1,4,3,2,4,4,1,3,4,1,3,2,3,3,1,1,1,1,1,4,2,2,3,1,3,3,1,4,2,2,3,2,2,1,4,1,3,3,3,2,3,3,3,3,1,4,3,3
1,4,4,2,2,2,3,3,1,4,2,2,3,1,3,2,1,4,1,4,3,3,1,1,1,4,3,2,4,4,1,1,3,1,4,1,1,2,1,1,3,2,3,2,2,4,4,1,2,1,2,4,4,3,2,3,2,2,2,1,4,2,2,1,1,3,3,2,3,1
4,3,2,4,1,1,2,1,2,2,2,3,2,3,2,3,1,4,1,3,2,3,4,1,1,2,3,2,1,1,2,1,1,1,1,1,2,1,2,3,2,2,1,1,4,2,3,2,2,4,1,4,2,3,3,2,2,2,2,2,1,2,2,3,4,2,2,2,2,2
3,3,3,4,3,3,3,3,1,4,2,4,1,3,3,2,1,2,1,2,1,1,3,2,1,3,1,1,3,4,1,3,1,4,4,2,3,2,3,2,3,3,2,2,1,3,4,2,4,1,2,1,3,3,1,3,4,2,3,3,4,2,2,2,4,1,2,4,4,1
2,3,3,1,3,3,2,2,2,3,3,3,4,4,1,2,2,2,2,3,3,1,1,3,1,4,4,2,2,1,3,3,1,1,3,1,4,2,1,3,3,4,1,1,4,2,3,2,2,1,3,1,3,1,1,4,3,4,2,2,4,3,3,1,4,3,3,1,3,2
4,2,4,4,3,3,2,2,2,2,2,3,3,1,3,1,2,2,4,2,3,3,2,2,4,3,4,2,1,3,2,3,1,1,2,2,1,3,4,2,1,3,3,3,2,1,3,2,2,2,2,2,1,3,3,1,2,1,1,1,1,4,1,3,3,1,4,2,1,2
1,1,4,4,1,1,3,1,1,2,2,2,3,1,1,1,1,3,2,2,3,2,2,3,3,2,1,3,1,2,2,3,4,4,4,1,3,3,1,4,2,2,2,2,2,3,1,1,3,4,2,4,2,2,1,1,2,2,2,3,3,3,4,4,1,2,4,1,3,3
2,2,4,1,4,2,2,2,1,1,1,3,1,1,1,1,1,3,2,2,2,2,1,2,4,1,3,2,2,2,2,1,3,1,4,2,2,2,2,4,1,1,4,4,4,4,1,3,3,2,1,3,1,1,4,2,3,4,2,3,4,2,3,4,2,3,2,3,3,4
2,2,2,2,4,2,2,1,4,2,2,2,2,1,2,1,2,2,1,3,1,2,1,1,1,2,3,3,1,2,4,4,4,3,4,1,3,1,4,2,4,1,2,2,2,4,1,3,4,1,3,3,3,3,1,2,1,4,3,2,2,2,2,3,3,1,2,2,2,4
1,2,1,3,4,4,1,4,1,3,4,1,2,2,3,2,3,3,1,3,1,1,4,1,2,3,3,1,1,3,3,2,2,4,3,4,1,1,3,1,2,3,1,3,3,1,4,1,1,2,4,2,2,1,3,3,2,2,1,4,2,3,3,4,4,1,3,2,3,4
1,3,4,4,2,2,2,3,3,3,2,3,2,1,3,4,3,3,3,1,1,2,4,4,2,3,1,3,3,4,1,2,4,4,1,4,4,3,3,2,4,1,2,3,4,4,1,3,4,3,3,2,2,4,2,3,3,1,3,3,1,3,3,1,1,4,1,3,4,1
1,3,1,3,3,1,4,1,1,4,4,4,3,1,3,1,3,4,4,3,3,4,4,2,3,3,1,4,4,4,2,4,4,1,3,2,3,3,1,3,3,1,3,3,4,3,3,1,3,2,1,3,4,2,3,1,4,2,2,3,2,4,2,4,4,2,3,1,1,4
2,3,4,1,1,4,3,3,3,2,3,4,2,2,1,4,2,3,3,1,2,4,2,1,4,3,2,4,4,1,4,2,3,3,1,4,3,3,3,1,2,1,3,3,3,3,4,3,2,2,1,1,3,1,3,3,3,1,3,1,3,3,3,4,1,2,4,2,1,3
2,3,3,2,1,4,2,3,1,2,3,4,2,1,3,1,2,4,2,3,1,3,2,2,3,3,4,2,2,2,1,1,3,2,2,2,1,1,2,3,1,3,2,4,3,4,1,3,1,4,3,2,4,4,2,3,1,1,1,4,4,1,2,2,2,3,3,2,3,3
4,1,2,3,1,3,3,2,2,4,1,3,1,1,1,3,1,3,3,3,1,1,3,3,3,1,2,3,1,1,3,2,2,2,4,2,3,2,1,2,2,3,4,1,3,3,1,3,1,1,1,2,1,2,2,4,1,4,2,3,3,1,1,4,1,3,3,2,3,1
1,1,1,4,1,2,3,2,2,3,3,2,2,3,3,1,3,4,4,2,3,1,3,3,1,2,3,1,2,2,3,3,3,1,3,3,2,3,3,4,4,1,2,2,1,1,1,1,1,2,2,1,2,3,4,4,1,1,3,1,2,1,3,4,2,2,2,3,1,3
3,4,4,2,3,1,2,1,1,1,4,1,3,2,1,2,1,1,3,1,2,2,1,4,2,1,3,1,4,3,3,1,2,2,1,1,2,1,2,4,4,3,3,1,1,2,3,4,2,2,3,2,2,1,4,1,2,1,2,4,2,3,3,1,1,1,2,3,3,3
2,1,3,2,4,3,3,2,1,2,3,3,1,1,3,4,1,3,2,1,1,4,2,2,2,2,3,2,1,1,1,2,3,2,2,1,1,3,2,2,2,1,3,3,3,3,1,3,1,2,3,3,2,2,1,2,1,1,2,3,3,1,1,2,1,3,2,3,2,2
2,1,2,3,3,4,4,1,1,2,1,4,4,1,1,1,4,2,2,1,2,1,2,2,3,4,1,2,3,3,2,2,3,2,1,3,4,2,2,2,2,2,2,3,3,2,2,2,4,1,1,4,1,1,2,1,4,4,2,3,2,3,2,1,3,1,2,3,4,4
2,3,3,3,3,1,4,1,3,3,2,2,1,3,2,3,2,1,4,3,3,3,3,1,2,3,2,1,3,2,2,2,4,2,1,2,3,4,3,2,3,2,2,3,3,1,2,2,3,4,4,1,4,1,3,4,2,3,3,4,1,3,1,1,4,4,1,1,3,1
3,2,4,1,1,2,2,3,2,4,2,4,2,3,1,1,3,1,1,1,2,3,4,1,2,1,2,2,2,4,1,1,1,3,1,2,3,2,1,1,4,4,2,3,3,3,4,1,2,2,4,2,3,1,1,2,3,1,1,3,3,4,3,1,1,3,4,1,1,3
3,3,2,4,4,3,4,4,1,4,2,3,4,3,4,2,2,4,2,1,4,1,3,1,2,1,4,2,3,3,1,2,3,2,2,2,2,1,2,2,2,2,3,1,2,2,1,1,3,3,3,1,1,1,2,3,4,4,1,3,4,3,2,1,1,1,3,4,1,2
1,1,4,1,2,3,1,2,2,2,3,4,3,3,2,3,4,2,2,4,4,3,1,2,3,1,3,1,3,3,4,4,2,2,1,2,4,1,1,1,2,3,4,2,4,1,4,2,2,3,2,3,4,2,3,3,2,3,3,3,4,1,2,2,3,2,1,1,2,1
2,3,4,2,3,3,4,2,1,4,2,3,2,3,4,1,2,1,2,2,3,2,2,2,4,4,4,1,2,4,1,1,4,3,4,1,1,1,1,1,1,2,3,3,4,4,2,3,2,2,2,2,2,3,1,2,4,1,4,1,1,2,3,2,3,1,2,3,1,4
3,1,1,3,2,3,2,1,4,4,1,2,3,4,1,2,3,4,1,3,3,2,3,3,3,4,3,2,1,3,1,3,3,1,1,2,3,2,2,2,1,2,3,4,4,2,2,1,4,4,1,3,2,3,2,1,1,4,1,2,3,1,1,2,4,1,2,3,2,3
1,1,1,3,2,3,2,2,3,2,2,3,3,1,1,4,4,1,3,1,2,3,4,4,2,2,2,2,4,4,1,3,1,1,2,3,1,3,4,4,2,1,1,4,1,3,3,1,1,2,2,2,2,2,3,1,4,1,2,3,1,1,4,1,2,3,4,1,1,1
2,4,2,3,3,1,1,3,1,2,4,4,2,3,1,3,3,2,1,2,3,1,2,3,1,2,1,4,3,1,3,1,2,4,3,1,3,3,3,2,1,4,3,4,3,4,1,2,3,4,3,1,1,2,3,4,3,3,1,3,3,4,1,1,3,4,1,2,3,4
4,1,3,3,2,2,4,4,1,3,4,4,3,3,2,3,2,3,2,3,2,1,3,1,2,3,2,3,1,4,2,3,1,1,3,1,2,4,2,4,1,3,1,4,4,3,3,1,2,4,1,2,2,2,3,3,2,2,1,2,2,3,4,4,4,3,4,1,4,2
3,3,1,3,4,1,3,1,3,2,2,4,3,3,1,2,4,4,1,3,2,3,3,1,3,1,1,3,1,1,1,4,2,3,1,4,2,1,1,3,3,2,3,1,3,2,1,2,2,3,3,3,1,1,1,1,4,2,2,2,3,3,3,3,2,3,3,3,1,2
2,2,2,4,1,3,1,2,3,3,1,4,1,3,1,2,2,3,1,3,2,1,1,1,1,1,2,2,2,3,2,2,2,2,2,2,4,2,3,2,4,2,2,3,4,1,3,4,2,3,2,4,1,2,3,1,3,2,3,3,1,1,1,4,3,4,2,2,4,2
2,2,2,1,1,3,3,3,3,3,3,1,3,2,4,2,2,4,1,3,4,4,4,2,2,1,2,4,2,3,1,4,1,3,3,3,4,3,2,4,2,4,4,4,1,2,4,4,2,3,3,3,4,1,3,3,1,3,2,2,4,3,2,4,1,3,1,1,2,3
2,2,1,2,3,3,3,1,2,4,2,1,4,2,3,2,3,3,1,2,3,3,1,1,3,1,4,4,4,3,2,4,4,1,1,4,4,4,3,4,4,1,1,2,2,4,2,2,4,1,1,4,3,4,2,3,1,4,4,2,1,2,3,4,2,1,4,2,2,2
1,1,3,2,2,4,2,2,4,1,4,4,2,2,2,3,3,1,4,3,4,1,3,4,2,3,4,1,3,4,2,3,4,4,3,4,4,3,4,4,3,4,2,2,4,2,3,2,2,3,4,4,3,4,2,1,1,4,1,4,2,3,2,3,4,2,2,3,3,1
1,2,3,3,3,2,2,1,4,2,1,2,3,3,1,1,3,4,1,2,4,1,2,3,3,4,2,1,1,2,2,4,4,1,4,2,2,4,4,2,4,2,1,1,2,1,1,4,4,4,2,2,4,2,1,4,4,4,2,3,1,4,2,4,1,3,3,1,4,1
1,3,2,2,1,4,2,2,3,2,4,4,2,2,2,2,3,3,4,4,4,1,3,4,2,3,3,1,3,3,4,2,2,2,3,1,4,4,4,1,1,4,3,2,4,2,3,3,3,2,3,1,1,4,2,2,2,4,2,4,1,3,4,1,3,3,2,3,3,2
4,3,1,3,2,2,3,4,3,1,3,2,1,4,1,1,1,4,2,3,1,3,2,4,2,3,4,2,3,2,4,3,3,4,1,4,3,3,4,1,1,1,3,2,4,2,1,1,1,2,1,1,1,1,1,1,1,2,4,4,4,1,3,1,1,2,4,1,1,2
3,1,1,2,1,1,1,2,1,1,1,4,1,1,3,4,2,2,3,2,2,3,2,2,3,1,2,2,2,1,1,1,1,2,4,1,1,3,2,3,2,2,2,2,2,1,2,2,2,4,1,2,2,2,2,2,4,3,4,3,4,1,4,3,3,2,1,2,3,4
4,4,2,1,3,1,4,4,1,4,4,3,1,2,4,2,4,2,1,2,4,1,2,2,3,1,3,1,1,4,2,4,3,3,2,3,3,1,2,2,2,2,2,2,4,4,1,3,3,1,2,4,4,2,1,2,1,3,1,3,3,2,3,3,3,1,2,2,3,1
1,2,3,2,2,2,1,3,1,2,1,4,1,2,3,3,3,4,1,2,2,1,3,3,4,4,3,2,4,2,2,2,3,3,3,3,2,3,3,1,3,1,2,1,3,4,2,4,4,1,2,2,3,1,1,3,3,3,1,2,2,4,1,2,3,4,2,4,4,3
3,3,3,2,1,3,2,3,2,2,3,2,1,1,1,2,4,1,4,4,4,1,3,2,4,1,2,1,1,4,1,1,3,3,2,4,3,4,1,3,2,3,4,1,2,3,3,2,3,2,2,3,4,1,4,1,1,2,1,2,4,2,2,2,2,1,3,1,1,3
3,3,3,2,1,3,2,3,2,2,3,2,1,1,1,2,4,1,4,4,4,1,3,2,4,1,2,1,1,4,1,1,3,3,2,4,3,4,1,3,2,3,4,1,2,3,3,2,3,2,2,3,4,1,4,1,1,2,1,2,4,2,2,2,2,1,3,1,1,3
2,1,3,3,4,2,3,1,2,2,3,4,4,1,4,1,3,1,2,1,1,3,4,4,4,2,2,3,3,2,3,2,1,3,3,2,3,2,2,2,1,4,1,1,1,4,4,3,3,2,2,3,1,3,4,2,3,3,3,1,2,3,3,3,2,3,4,1,2,2
4,3,3,3,3,2,3,1,1,1,2,2,1,2,3,2,3,4,1,2,2,2,2,3,3,1,2,2,3,3,1,2,2,2,2,2,1,1,3,2,2,3,3,4,1,1,2,1,2,2,3,4,4,3,4,4,1,1,3,1,2,4,4,4,3,2,4,2,2,3
3,3,2,2,4,1,2,3,2,2,1,2,3,1,1,3,3,1,4,4,1,4,4,1,1,3,1,4,3,3,2,3,2,1,2,4,4,3,3,2,1,4,1,2,2,2,1,3,3,1,1,1,2,2,2,1,2,4,3,2,3,4,1,3,4,2,2,3,3,1
2,3,3,1,1,1,1,3,4,3,2,3,3,1,1,1,1,1,2,2,2,3,3,1,3,1,4,1,4,4,4,2,2,3,2,3,2,4,4,2,4,4,1,1,3,1,2,2,2,2,4,4,1,2,3,4,1,4,2,4,1,2,4,4,1,2,3,1,2,1
1,2,1,3,4,1,1,2,3,3,3,3,4,4,3,2,3,3,3,4,1,3,4,3,3,4,3,4,3,3,3,4,1,1,1,4,1,4,3,2,2,4,4,3,2,3,3,3,2,4,2,3,1,4,1,4,1,2,4,1,2,1,3,2,2,1,2,3,2,2
4,4,2,3,1,3,2,2,1,1,1,2,4,1,2,4,1,2,1,1,3,4,4,1,2,2,2,2,1,1,2,3,1,1,2,2,2,3,3,3,3,4,3,3,1,3,1,3,2,1,4,4,1,3,1,2,2,3,3,3,3,2,1,2,3,1,1,2,3,2
2,4,4,2,2,4,3,3,3,4,4,4,4,3,3,1,3,4,1,2,1,3,2,2,4,4,4,4,2,4,1,4,1,3,1,2,2,2,3,4,1,2,2,2,4,4,4,1,1,3,4,2,2,2,4,1,3,2,2,4,4,3,1,3,3,3,2,3,3,1
1,2,4,1,2,3,2,4,4,1,4,4,2,3,3,3,3,3,3,4,2,1,2,3,1,1,1,1,1,4,1,4,4,3,2,2,2,4,2,3,3,3,3,4,3,3,3,3,3,2,3,1,2,2,1,1,2,2,3,2,3,1,2,3,1,2,1,3,4,1
1,1,2,2,2,4,2,3,1,3,4,1,1,2,2,3,1,3,1,2,2,2,3,4,4,1,4,1,2,4,4,3,3,2,3,3,3,3,4,4,1,2,1,1,1,2,3,1,2,2,4,4,3,1,2,2,1,4,3,3,3,2,2,3,4,1,3,3,2,3
3,2,1,3,2,2,2,1,3,3,3,1,1,4,3,3,4,1,1,4,2,3,4,4,3,2,4,2,2,4,2,4,3,1,1,3,4,1,1,3,3,3,3,3,4,4,1,4,4,2,4,3,2,2,4,1,2,4,1,2,2,2,4,4,4,2,2,1,4,1
2,3,4,1,2,1,2,2,2,2,4,4,4,3,4,1,4,4,1,1,1,2,4,4,1,2,2,1,3,3,1,3,3,4,3,4,2,4,2,4,4,2,4,4,2,1,3,2,3,1,2,1,3,1,1,3,2,2,4,2,2,3,2,1,3,2,3,1,3,3
1,1,1,1,3,2,2,2,2,2,4,1,3,4,3,3,2,2,2,4,1,3,1,4,4,3,2,4,1,3,4,4,1,2,3,3,3,4,1,2,2,2,2,3,3,1,3,1,3,1,3,2,2,2,3,4,2,3,4,1,1,1,1,3,2,2,4,2,1,3
2,4,2,3,2,2,4,4,1,4,1,3,2,2,4,1,3,2,3,1,2,3,2,3,2,2,4,2,1,2,3,3,4,1,2,4,2,4,3,1,2,4,4,1,3,4,1,3,1,4,4,2,4,4,2,4,3,2,2,2,4,3,4,3,3,3,2,2,2,3
3,1,4,3,3,4,2,4,4,2,3,3,1,1,2,1,3,3,3,2,1,2,3,1,3,1,4,3,1,2,3,3,3,4,3,2,4,4,1,3,4,3,4,2,3,4,4,1,3,3,3,2,2,4,3,3,2,4,4,2,2,4,4,1,3,3,3,2,4,2
4,1,3,2,3,2,2,4,3,1,3,2,4,1,3,3,3,2,2,3,2,2,2,4,4,3,2,4,1,4,1,3,2,3,1,1,3,3,3,3,2,3,2,3,4,3,4,4,2,3,4,2,2,3,3,3,4,3,4,2,2,3,4,4,1,3,3,3,2,3
4,3,4,2,2,4,1,3,1,4,2,4,1,2,4,4,2,3,4,2,3,3,2,4,3,1,1,1,1,4,2,2,4,2,3,2,4,3,4,2,2,3,3,4,3,4,4,4,2,3,2,1,2,3,2,4,3,3,4,4,1,1,3,2,1,3,4,1,3,2
2,2,1,4,4,1,2,3,1,3,2,2,4,3,2,1,3,2,2,3,1,3,4,3,4,4,2,4,3,3,4,2,3,4,3,2,3,3,4,4,2,2,2,3,3,4,3,4,3,3,1,3,4,2,2,1,4,4,2,2,2,3,3,1,1,3,2,2,2,2
4,2,2,3,4,1,2,1,4,4,3,3,3,4,1,3,2,1,2,1,3,3,4,1,2,2,2,4,1,3,4,3,4,1,2,1,4,1,1,4,2,2,3,3,3,4,3,4,1,1,3,3,1,1,1,1,4,3,3,1,2,2,4,2,3,3,3,3,1,3
2,1,2,3,4,1,2,4,2,3,4,3,4,4,3,4,1,3,3,1,3,3,4,3,4,1,1,1,4,1,3,2,2,2,4,1,4,1,2,2,4,4,1,4,4,1,3,4,4,1,3,3,2,2,1,1,1,2,4,4,3,3,2,2,4,1,2,2,3,3
3,3,2,4,1,1,1,1,1,4,1,1,3,2,2,2,2,4,4,3,4,4,1,2,1,2,2,2,2,2,2,3,1,2,3,4,3,2,2,2,4,2,2,1,4,4,2,2,2,3,3,2,4,2,4,4,1,2,3,1,3,2,2,4,3,2,3,2,4,4
2,4,3,2,2,3,1,3,2,3,1,4,1,1,1,4,1,3,3,4,2,3,2,4,4,3,2,3,2,4,4,4,4,3,2,1,3,1,4,2,3,1,2,2,2,2,1,4,1,3,3,4,4,2,4,2,2,4,2,4,4,1,3,2,3,3,1,3,2,3
4,4,2,4,3,3,2,4,2,2,4,2,2,4,3,2,1,4,1,3,3,1,1,4,2,4,2,3,1,4,4,1,4,2,4,2,3,1,2,1,4,1,1,1,3,3,4,3,4,3,4,3,2,4,4,1,3,3,4,4,1,3,4,1,4,1,1,1,3,3
1,3,3,4,2,1,2,3,2,3,3,3,1,3,3,3,3,2,1,3,4,3,1,2,4,3,2,2,3,2,4,1,1,4,4,1,3,3,3,3,3,2,4,4,1,4,4,2,2,2,2,4,4,1,1,1,3,2,1,2,3,4,1,1,1,4,1,4,1,2
3,2,4,1,4,4,4,2,4,2,2,4,1,1,4,1,2,4,4,1,3,3,1,1,2,3,2,3,1,2,2,3,3,4,2,2,3,2,1,3,3,2,3,2,1,2,2,2,4,1,4,3,2,3,1,4,4,2,3,3,3,3,2,4,4,4,4,3,4,2
3,3,3,3,3,3,3,2,1,2,1,1,1,1,3,3,3,3,3,4,3,3,2,2,4,2,2,2,3,4,2,4,2,2,4,4,2,4,1,4,2,3,2,4,2,2,4,4,3,3,1,2,4,3,4,2,3,2,4,4,1,3,3,1,1,4,3,2,4,1
3,4,2,3,2,2,3,3,3,3,2,1,3,3,2,1,2,2,4,4,4,2,4,2,4,3,1,1,3,3,4,3,3,3,4,1,2,3,1,4,4,2,4,2,3,4,1,4,2,4,1,3,3,2,2,3,2,4,1,3,2,2,2,4,2,1,1,3,1,1
4,3,1,3,3,1,3,3,1,2,2,2,3,1,2,1,2,2,3,1,4,1,3,2,3,4,4,3,3,2,2,3,1,3,1,2,3,4,4,2,2,2,4,1,2,3,1,3,3,2,2,2,2,4,3,2,4,4,1,2,2,2,3,3,2,4,1,3,1,1
1,1,4,1,4,1,1,2,2,2,2,2,2,2,1,2,2,3,2,4,1,1,3,2,2,2,3,3,2,3,3,4,1,1,1,2,3,1,2,4,4,1,2,1,4,1,3,3,3,4,3,2,2,3,3,1,2,1,1,1,1,3,2,2,2,3,3,4,1,1
2,3,3,1,2,4,3,4,1,2,3,3,2,2,2,3,3,2,2,4,2,2,2,2,4,4,2,2,3,2,4,4,3,4,3,4,3,4,2,4,2,2,2,3,3,4,3,3,4,3,1,2,3,2,2,3,1,3,2,2,3,3,1,4,1,2,1,4,2,4
3,4,3,2,3,4,4,1,3,3,4,1,4,2,2,4,4,1,2,2,4,3,3,3,3,1,1,3,1,2,1,3,2,2,3,2,2,1,1,2,2,4,1,2,4,2,3,3,4,1,4,3,1,2,2,4,2,4,1,4,2,2,3,4,4,1,4,4,4,2
4,3,1,2,2,1,2,3,4,1,1,3,3,2,1,1,2,2,1,1,1,2,4,4,1,4,1,4,2,3,3,2,3,3,4,4,1,4,4,2,4,3,4,4,2,4,3,1,1,3,3,3,3,2,2,4,1,2,2,3,3,2,4,4,1,1,4,1,3,1
3,4,4,2,1,4,4,2,4,4,2,2,2,4,4,2,1,3,1,1,4,1,3,1,1,1,3,3,3,3,3,1,1,3,2,3,3,3,2,4,2,1,3,4,1,2,1,1,3,2,2,4,1,2,4,3,3,3,1,3,3,3,2,4,2,3,4,1,2,4
4,1,2,3,3,2,1,1,1,3,1,2,2,4,4,4,3,3,1,1,3,2,1,1,1,2,4,4,2,2,1,2,4,1,1,1,1,2,1,3,4,2,3,1,2,3,3,3,1,3,2,3,3,3,3,2,4,1,2,4,2,1,1,3,3,4,4,1,2,2
2,3,4,4,1,2,2,4,2,4,3,1,3,4,2,3,4,4,1,3,2,3,4,3,4,3,4,2,4,1,2,1,2,3,3,3,2,2,1,1,3,3,3,3,1,4,2,3,4,4,4,4,1,2,3,3,4,1,2,3,3,3,1,2,3,3,3,2,3,1
3,2,3,4,1,3,1,3,3,4,1,2,1,4,1,2,3,4,4,1,4,1,3,1,2,3,2,4,1,2,1,3,1,4,3,2,1,3,1,2,3,3,3,1,2,4,4,2,4,1,1,1,3,1,2,3,4,4,2,1,2,3,2,1,3,3,2,2,3,3
1,2,1,3,4,1,2,4,3,4,4,4,4,4,4,2,4,2,3,1,2,1,4,2,2,3,4,2,4,3,4,1,4,1,2,1,3,2,4,1,2,1,2,1,3,2,2,4,1,2,3,2,3,1,2,3,3,4,3,4,2,1,3,4,1,3,4,4,4,4
3,3,1,4,4,4,1,1,3,2,2,3,3,2,3,4,3,1,2,2,3,3,3,2,2,2,2,2,4,2,3,2,2,4,2,3,2,1,3,1,4,3,1,2,4,2,3,3,4,3,1,1,1,3,1,2,3,3,4,3,2,3,1,3,1,1,2,2,3,3
1,1,3,1,3,1,2,3,3,2,3,3,3,2,4,2,2,2,3,1,1,1,1,1,2,3,2,2,3,1,1,1,2,3,3,3,4,1,2,3,1,3,3,2,1,3,1,4,4,2,1,4,1,3,1,3,2,4,2,4,2,3,1,4,1,1,1,3,2,3
3,3,4,1,2,1,1,3,1,2,2,4,2,2,3,1,1,3,4,2,2,3,3,2,2,1,4,4,1,3,2,2,4,3,3,4,3,3,2,3,1,4,1,1,3,2,1,4,3,2,4,2,1,3,3,3,4,3,4,1,3,2,1,3,2,4,1,1,3,2
3,2,2,2,4,2,2,3,1,1,2,3,1,2,3,2,4,1,2,1,1,4,4,2,3,3,2,2,3,3,2,2,2,2,2,4,2,2,2,2,4,4,4,1,4,1,3,2,2,4,3,4,3,3,2,2,3,1,3,1,1,3,3,2,1,2,2,4,2,2
4,3,4,3,1,2,4,4,2,2,4,4,1,3,2,1,4,2,4,2,2,4,2,1,3,4,3,3,1,1,1,4,4,4,3,2,4,2,2,2,3,2,4,2,3,4,1,4,3,3,2,1,1,3,1,2,4,4,2,1,3,4,1,2,3,2,1,3,1,1
4,2,3,1,2,2,1,1,4,2,3,4,4,2,2,3,2,1,1,3,3,3,4,1,3,4,1,3,4,4,4,2,2,4,2,4,2,1,4,3,3,3,2,1,3,1,3,1,3,2,1,2,3,4,2,2,3,1,3,4,1,3,4,2,2,2,2,4,3,2
1,3,4,3,1,1,3,4,3,2,3,1,3,2,1,1,3,3,3,4,1,1,1,3,3,2,3,2,4,2,4,2,3,1,4,4,1,2,3,1,4,2,2,2,3,1,3,1,1,1,2,2,3,3,2,1,2,2,2,3,1,1,3,2,4,3,1,2,3,2
4,3,2,4,1,4,1,3,3,4,2,4,4,4,2,3,2,2,4,4,4,1,3,1,3,2,2,3,3,1,1,3,2,4,2,1,4,4,4,3,2,2,2,4,2,2,3,2,1,3,3,4,3,3,3,3,2,2,3,3,3,4,1,1,1,3,4,3,1,1
1,3,2,1,1,4,1,2,4,1,2,2,3,1,1,3,1,3,1,1,2,4,2,2,1,4,4,3,3,4,2,4,2,3,3,3,4,1,2,1,1,1,1,2,2,3,4,3,1,3,2,3,1,2,3,4,3,1,1,1,1,3,3,4,2,3,2,3,3,2
1,4,2,2,4,4,3,4,2,4,3,1,2,2,3,2,2,3,1,2,4,1,4,4,2,3,3,3,4,1,3,4,2,1,3,3,1,4,3,1,2,4,2,4,3,2,4,3,1,1,1,4,4,3,2,2,3,1,2,3,2,2,3,2,3,2,4,4,2,1
4,3,1,2,3,2,1,2,1,1,2,2,4,2,1,2,3,1,1,1,4,3,4,3,3,4,3,2,3,4,4,2,4,2,3,1,4,3,2,3,1,3,3,2,1,3,4,2,2,1,4,2,3,1,3,4,2,4,1,2,4,1,1,1,3,3,2,2,1,3
3,2,4,2,3,2,3,3,3,3,2,4,1,3,1,2,1,1,3,3,4,3,2,1,3,2,3,2,2,4,3,1,3,1,3,4,4,4,1,2,2,4,3,2,3,4,1,3,3,2,3,1,3,3,1,2,2,2,3,4,1,2,3,2,1,3,3,1,1,2
3,1,2,3,1,4,4,1,1,1,3,1,2,4,2,1,4,4,3,4,4,1,3,2,3,4,2,3,2,2,2,3,2,1,1,4,2,3,3,2,4,4,4,3,1,2,1,4,2,3,1,4,3,1,1,1,1,2,3,4,4,3,3,4,4,1,1,2,2,3
4,4,1,2,2,2,2,2,2,4,2,3,3,1,3,2,3,1,4,1,4,1,3,2,1,3,1,1,3,3,2,2,4,2,3,3,3,3,2,4,2,2,3,2,2,3,4,4,1,2,4,3,1,2,4,4,4,1,4,2,2,3,1,3,2,2,2,1,1,2
3,3,4,2,1,3,1,2,4,3,2,3,3,3,4,4,1,2,3,2,2,3,1,4,3,1,3,1,4,3,4,2,4,2,2,4,2,4,4,2,3,1,3,1,3,2,2,2,4,1,2,3,1,4,4,1,3,4,1,2,3,1,1,1,3,3,1,1,4,2
1,3,2,2,3,2,2,2,3,4,4,1,1,1,3,3,1,2,4,4,4,1,2,4,4,1,3,3,2,3,2,1,1,3,2,2,2,4,4,1,4,1,2,4,3,2,1,3,3,2,4,1,3,3,1,1,3,1,3,2,4,2,2,2,4,2,3,2,3,4
3,1,3,3,1,2,3,1,3,1,3,4,4,3,1,2,4,3,3,3,1,1,3,1,1,4,2,3,3,1,2,2,2,4,4,2,3,4,4,1,4,4,1,3,2,2,3,3,1,3,3,1,2,2,3,3,4,2,3,2,2,3,1,2,3,2,3,1,2,3
3,1,1,3,2,1,3,1,1,3,2,2,2,4,2,3,4,3,3,4,3,4,3,4,4,3,1,3,4,1,2,2,4,3,2,3,2,2,2,3,2,3,4,2,2,3,2,1,4,1,3,1,4,3,3,4,4,3,4,1,3,2,1,3,2,4,3,4,1,3
4,3,2,2,3,4,1,4,3,3,3,2,2,3,2,1,2,4,2,4,3,2,3,1,1,2,3,1,3,2,2,3,2,1,4,4,2,3,3,4,2,2,4,4,4,2,2,3,1,4,3,1,3,1,1,1,2,2,2,4,1,3,2,3,3,3,1,1,3,4
4,3,1,3,3,4,4,2,3,3,4,3,1,2,2,3,2,1,2,4,2,4,3,2,3,4,2,4,2,2,4,2,1,2,1,2,2,4,3,4,2,3,2,1,2,4,3,3,4,4,2,3,2,2,4,1,2,4,2,2,4,2,3,2,2,2,4,3,1,2
3,3,2,3,3,2,4,1,2,3,4,2,3,1,4,3,1,3,4,4,4,4,4,3,4,3,3,3,1,3,3,4,1,1,3,2,4,4,1,3,1,4,4,2,4,3,3,4,3,4,3,3,3,1,3,3,3,3,4,3,3,1,3,4,2,3,1,1,3,3
1,4,3,1,3,1,3,4,3,4,3,4,1,3,3,4,2,3,3,1,3,4,2,3,2,4,4,1,3,1,3,2,4,4,2,3,1,3,1,4,3,4,2,3,4,3,3,1,4,2,4,1,3,3,2,2,1,3,2,1,3,3,2,1,3,3,3,1,4,1
3,1,1,3,1,2,2,1,1,4,2,2,3,4,1,2,3,1,2,4,2,2,2,2,4,4,1,3,3,3,4,3,2,3,4,3,3,3,1,3,3,2,2,4,1,3,1,2,3,3,2,1,4,2,2,3,1,2,2,2,4,4,1,4,1,3,3,2,2,4
3,2,2,2,3,2,1,3,1,3,1,4,3,2,4,1,1,2,3,3,4,2,2,3,4,1,3,3,3,2,2,4,4,3,2,3,2,4,4,2,2,2,3,3,3,4,3,4,4,1,4,2,1,4,4,3,2,1,4,4,2,2,2,3,2,2,2,2,2,2
4,2,2,2,2,3,1,2,4,3,3,2,3,3,2,3,3,4,2,4,2,4,2,2,3,4,2,2,4,2,2,3,4,1,2,3,4,2,4,1,3,1,1,3,4,3,3,2,3,1,4,3,3,3,3,1,4,3,4,3,4,3,4,4,3,3,3,4,3,3
4,1,3,4,3,3,2,2,3,2,2,4,4,3,3,1,4,4,4,3,1,3,3,3,4,1,2,3,3,4,2,3,3,2,1,3,2,3,3,4,1,4,3,2,4,3,3,4,3,4,4,3,4,3,4,1,4,3,3,3,4,1,3,3,2,2,4,2,3,3
2,1,4,2,3,4,3,4,2,4,2,3,1,3,1,1,3,1,4,2,2,3,4,3,2,3,4,3,4,4,1,4,4,1,4,3,4,3,2,4,3,1,2,2,3,1,4,3,2,4,2,2,3,2,1,2,4,2,3,1,4,3,2,4,2,4,2,3,3,3
2,3,1,1,1,3,4,2,1,4,4,3,3,4,4,4,4,3,2,3,1,3,4,2,2,3,1,1,4,4,2,3,1,1,1,3,1,3,1,3,2,2,4,1,1,4,1,3,1,1,2,4,1,1,2,2,2,4,3,3,2,1,2,4,3,2,2,1,1,4
3,3,4,1,3,4,2,2,3,2,4,2,4,1,3,2,1,2,2,2,4,2,2,3,2,1,4,3,2,4,1,4,4,1,3,1,3,2,2,3,2,4,4,2,3,3,2,1,3,3,4,3,1,2,4,2,4,4,3,4,4,1,2,3,1,1,4,2,3,4
2,4,3,1,2,2,2,4,2,2,4,4,2,4,4,2,3,1,1,3,1,2,4,2,4,4,3,4,3,1,4,4,4,3,4,2,4,2,2,2,4,3,1,4,3,3,2,3,3,4,4,3,4,3,1,3,3,2,4,1,2,2,3,3,1,3,1,2,1,4
3,3,4,4,4,1,2,3,1,3,2,2,3,3,3,1,3,1,1,2,3,4,1,2,2,4,1,2,3,4,4,4,3,4,4,2,4,3,2,2,4,4,1,3,1,4,3,4,3,3,4,2,3,2,1,1,1,4,4,1,4,3,3,4,4,4,4,4,2,4
3,3,1,3,2,4,2,4,2,2,3,4,3,4,3,4,1,2,4,1,4,4,1,4,4,2,3,1,3,4,3,1,3,3,2,2,1,1,3,4,2,4,4,1,4,3,2,3,2,4,2,3,3,2,3,1,1,3,1,4,4,3,4,1,2,1,3,2,2,3
4,1,2,1,3,3,4,3,4,2,3,1,1,1,1,1,3,3,2,1,3,2,2,3,1,3,2,3,2,3,3,2,3,3,4,1,1,2,3,2,3,2,2,4,3,3,4,3,1,4,3,1,1,3,1,1,1,2,1,4,1,2,3,1,2,4,4,1,2,4
3,2,4,2,4,1,3,4,3,3,4,1,2,2,2,4,3,4,2,1,1,4,1,2,4,3,4,4,4,1,3,1,3,4,2,2,4,4,1,1,3,4,3,4,2,4,4,1,2,3,3,4,4,2,4,3,2,1,3,1,1,3,2,4,4,1,4,3,3,4
1,1,1,1,2,2,1,1,1,1,1,1,4,2,3,3,3,1,3,2,2,2,4,3,4,3,4,3,3,1,4,1,4,3,3,2,4,1,1,2,2,4,4,2,4,4,2,4,3,1,3,1,1,3,1,4,3,3,1,2,3,1,3,2,2,4,3,3,4,2
1,2,3,3,2,3,3,4,4,4,3,2,1,4,2,2,4,3,4,3,2,2,4,3,1,1,3,3,4,2,4,4,4,3,3,3,1,2,4,2,4,2,2,4,2,2,4,4,2,4,2,2,4,2,1,2,4,2,4,2,2,4,2,2,4,4,1,4,2,1
1,4,1,2,4,2,4,2,2,4,2,2,4,3,2,4,2,2,4,1,3,3,4,3,3,3,3,3,4,3,3,1,3,3,3,3,3,4,1,4,3,4,3,3,4,3,1,4,3,2,4,3,1,4,3,3,4,3,4,1,4,3,3,3,4,1,1,1,4,3
3,2,4,3,1,2,3,1,1,2,4,3,2,2,4,1,1,2,3,1,4,4,2,4,2,4,4,3,4,3,3,4,3,3,4,3,3,4,3,4,1,2,3,3,2,2,2,4,1,3,2,3,1,4,3,3,4,3,4,3,3,4,4,3,2,2,4,2,4,3
4,3,4,3,3,2,4,3,4,1,3,1,3,2,1,1,1,1,1,4,1,4,4,3,4,4,3,4,3,4,1,2,4,2,4,4,2,2,1,1,1,3,2,3,3,2,3,1,4,2,3,3,3,1,3,3,2,2,4,2,4,4,3,2,2,2,3,3,3,1
3,3,3,1,3,1,3,3,3,4,3,4,2,3,1,2,2,1,2,1,4,1,2,2,2,2,1,2,2,1,1,2,2,3,3,4,4,4,3,2,1,3,3,3,1,4,2,3,4,1,4,3,4,1,3,1,3,1,2,4,2,3,1,2,4,3,2,3,2,4
1,1,3,1,2,4,4,1,4,3,3,3,1,2,4,2,3,1,1,1,1,4,4,2,2,2,4,3,1,4,3,1,1,1,3,4,3,2,4,2,1,1,4,4,1,3,2,4,1,4,1,3,2,4,1,4,1,1,3,3,2,1,3,3,4,2,3,1,3,2
1,4,3,3,4,2,2,4,2,2,3,2,3,3,3,4,3,3,3,3,3,2,3,3,2,2,1,2,3,2,3,2,2,4,3,3,2,4,2,3,3,3,2,4,2,2,4,2,3,2,2,2,4,2,2,4,2,2,4,1,2,4,2,4,3,3,3,1,1,3
3,2,3,1,3,1,4,3,1,2,3,4,2,3,4,2,3,3,2,3,1,2,3,1,1,1,2,2,1,1,1,3,2,1,3,3,4,1,3,2,2,4,2,1,1,3,1,4,3,3,4,3,3,1,2,3,3,2,3,3,4,3,1,3,3,1,3,4,1,4
4,1,3,3,2,4,2,2,2,3,3,3,2,4,4,3,3,4,2,2,3,4,2,3,3,1,2,1,4,3,4,1,3,3,4,3,1,2,2,3,3,4,4,1,2,2,4,4,4,4,1,1,3,4,1,2,2,1,2,4,4,2,3,1,4,1,2,4,2,1
3,4,1,1,3,1,2,4,2,2,2,3,2,1,3,2,1,3,2,4,2,2,3,4,1,2,3,1,3,4,4,3,2,2,4,2,1,4,3,3,3,4,1,4,2,2,4,2,2,4,4,2,4,1,4,4,4,3,2,2,4,2,3,4,4,1,2,3,4,1
2,1,4,3,2,3,2,3,1,3,2,4,4,1,1,1,2,4,4,3,4,3,4,1,2,2,3,3,2,2,3,2,1,4,4,1,3,2,3,4,4,1,1,3,2,4,1,3,4,2,1,4,3,1,4,2,4,2,2,2,4,3,3,4,3,1,3,3,1,2
3,3,4,2,2,3,4,2,3,2,1,4,2,2,3,3,3,2,1,1,3,3,3,2,3,3,4,2,2,3,1,1,1,3,2,4,1,2,4,1,1,1,1,2,4,4,1,4,1,1,1,3,4,3,3,2,3,3,2,1,1,3,4,2,4,4,2,3,2,1
2,2,1,1,2,3,3,2,3,2,1,1,3,4,1,4,1,3,2,2,3,3,4,4,1,2,3,1,4,2,3,1,4,4,1,3,2,2,1,1,4,2,3,2,4,2,3,3,2,3,1,4,4,1,3,3,3,4,3,4,1,4,3,1,3,4,2,4,3,3
2,3,2,1,2,2,2,1,1,3,3,4,3,4,3,1,1,2,1,3,3,4,3,4,3,3,3,2,3,2,4,1,1,1,3,1,2,3,2,1,1,2,4,3,2,2,3,4,1,3,3,2,3,4,3,4,1,4,4,1,3,1,2,1,4,2,3,3,2,1
4,4,4,2,1,2,1,1,3,1,1,1,1,2,3,4,3,3,4,3,3,2,3,3,2,2,3,3,4,3,3,2,1,3,1,3,1,3,3,4,4,1,2,4,3,2,2,4,2,3,2,1,3,4,2,3,3,1,3,4,3,4,4,1,3,3,3,3,4,3
1,3,3,2,4,2,2,4,4,1,1,4,1,2,1,1,3,3,4,3,3,2,3,1,2,1,3,4,4,3,2,1,3,1,2,3,2,1,4,4,2,3,3,1,4,1,2,4,4,1,3,3,2,3,1,2,2,4,4,2,3,4,3,3,4,3,3,2,1,3
2,1,3,1,1,3,4,4,4,3,1,3,3,1,1,1,4,2,4,3,4,3,2,1,4,3,4,3,3,2,2,4,4,1,1,1,2,3,2,2,3,4,3,2,1,3,4,3,3,4,1,2,3,1,1,3,2,1,3,2,2,4,1,2,2,3,2,1,3,3
4,1,4,3,3,2,2,2,3,1,4,4,1,3,2,3,1,3,3,4,3,4,3,4,3,4,1,3,2,4,1,2,2,3,1,2,3,4,2,4,2,1,2,1,3,1,4,1,4,3,3,1,3,1,1,1,1,2,3,1,1,1,3,4,3,2,2,4,1,3
4,3,1,4,2,4,3,1,4,2,4,4,3,2,1,3,4,4,2,3,3,1,3,3,1,1,4,3,2,3,1,1,4,3,3,3,2,2,3,3,3,2,4,3,4,3,3,2,3,2,1,4,4,4,4,3,3,2,2,4,3,1,3,1,4,2,2,3,2,1
4,2,4,3,1,3,4,4,3,3,4,4,3,3,1,3,4,4,3,4,3,3,4,2,1,1,4,3,2,3,3,2,1,2,2,3,3,4,1,4,2,4,4,4,3,2,4,2,4,3,1,4,4,4,1,3,4,4,2,1,4,1,1,1,1,1,2,4,4,1
3,3,1,2,1,4,3,3,1,1,2,4,3,1,3,2,4,3,2,2,2,2,3,4,2,3,3,2,2,2,4,4,3,1,1,2,3,3,4,1,3,3,3,1,1,3,2,3,1,3,2,4,4,2,1,2,2,2,2,2,2,2,2,2,2,2,2,3,4,4
3,4,2,4,1,3,1,2,3,4,1,2,4,4,4,3,2,3,4,2,3,4,3,1,4,1,3,1,2,3,4,3,4,4,4,4,4,1,1,4,1,1,4,1,3,4,4,4,4,4,4,2,4,3,4,1,3,4,1,3,4,1,3,4,1,3,4,1,3,4
1,1,2,4,1,4,1,1,1,1,3,3,4,2,3,2,4,4,4,2,3,4,1,1,4,2,1,4,2,3,4,1,1,4,2,3,4,4,3,4,4,3,2,3,1,3,4,3,3,2,3,4,3,3,3,1,4,1,3,4,4,4,3,4,4,2,1,2,3,1
2,4,2,3,3,1,4,2,2,3,3,1,1,3,1,3,3,3,4,3,1,1,3,3,1,4,2,3,3,4,1,4,3,2,4,2,1,3,3,2,3,4,3,4,4,2,2,4,1,4,4,4,3,1,3,4,3,3,4,1,2,4,4,3,4,3,1,3,2,2
4,1,1,4,2,3,1,1,1,1,1,1,3,1,2,2,4,2,4,3,4,3,1,3,3,4,3,2,1,2,3,2,3,4,4,4,4,1,1,4,1,3,1,1,4,4,2,1,2,2,2,1,3,1,3,1,4,1,3,1,1,3,4,3,3,4,3,1,3,3
1,3,4,4,3,3,1,3,3,1,3,1,2,3,4,3,1,3,4,2,2,4,4,4,3,4,2,2,2,1,1,4,3,4,3,3,3,2,4,3,2,3,1,3,4,2,3,4,3,2,4,1,4,3,3,2,2,2,3,3,1,4,4,3,1,1,3,1,4,3
1,3,2,3,2,2,3,4,3,3,3,1,4,3,1,3,3,1,2,2,2,4,3,1,1,3,2,2,3,1,2,3,1,1,1,2,3,1,4,1,3,3,3,1,2,4,1,3,2,4,4,2,3,4,4,1,3,3,3,4,1,4,1,4,3,2,3,3,4,2
3,4,1,3,4,4,1,1,4,4,2,2,3,2,1,2,4,3,3,4,2,2,1,4,3,1,3,4,1,3,1,4,1,3,2,1,1,1,3,3,1,1,3,1,3,4,3,2,1,1,4,2,2,4,4,1,1,1,1,3,2,4,2,2,2,2,1,1,2,1
1,2,4,1,2,3,2,3,4,3,1,1,4,4,4,2,3,1,2,2,3,4,4,4,3,4,3,1,1,3,1,1,3,2,2,1,4,4,4,2,2,3,3,2,2,2,3,1,2,3,4,1,2,2,2,3,2,3,3,3,1,2,2,2,3,1,2,3,3,1
1,3,4,2,1,2,4,1,2,2,4,1,3,1,1,4,4,4,2,1,4,2,1,3,4,1,1,1,4,4,2,4,2,3,1,4,4,3,4,4,4,1,3,4,2,3,2,2,2,4,2,3,3,2,3,3,2,3,4,1,1,4,1,4,1,3,4,1,3,1
3,1,4,1,1,2,3,1,3,3,4,2,2,2,4,1,3,1,3,1,3,3,4,3,4,2,3,4,2,3,1,1,4,1,2,4,1,4,4,3,1,1,4,4,4,3,1,3,3,3,3,1,3,1,2,3,3,2,2,3,2,1,2,3,1,2,4,2,2,1
2,4,1,1,4,1,2,2,4,2,1,4,1,3,1,3,2,1,2,4,1,2,1,3,2,3,4,1,3,3,1,3,4,3,3,1,3,4,4,2,3,3,3,4,4,2,3,3,4,4,3,1,3,1,1,3,3,2,3,3,4,2,3,4,4,1,2,4,1,1
2,2,1,4,2,4,3,3,2,2,2,2,3,1,3,4,2,2,3,3,3,1,1,1,1,2,1,2,2,1,4,3,4,2,4,3,4,1,1,1,1,2,4,2,1,4,1,1,3,1,4,2,4,4,1,2,1,4,3,2,2,4,4,4,1,2,1,3,1,4
1,1,3,3,1,3,3,2,3,1,1,3,1,2,1,3,1,2,3,3,3,2,2,4,2,1,4,1,2,3,4,3,4,1,2,3,1,4,3,4,2,4,1,1,3,3,2,4,2,2,3,1,4,4,4,2,3,1,3,4,3,1,2,3,1,2,4,2,2,3
3,3,3,2,3,2,1,2,4,3,4,1,1,2,3,1,4,1,3,1,1,2,3,4,1,2,4,3,4,3,4,3,3,2,2,1,3,4,3,4,4,1,3,4,1,3,3,1,3,3,4,3,4,3,1,3,2,2,1,1,3,4,3,1,4,1,3,3,3,1
1,4,2,3,1,2,3,4,1,4,1,3,2,2,2,3,4,1,1,1,3,1,3,4,2,4,2,3,1,4,2,3,3,1,3,4,2,3,3,1,1,4,4,3,1,3,3,3,2,3,1,3,1,1,2,2,1,4,2,2,4,3,1,4,1,2,3,3,3,1
3,4,2,3,1,4,2,2,3,4,1,3,2,3,3,4,1,3,4,4,2,1,3,2,4,3,4,1,3,3,3,4,2,4,2,3,1,3,4,3,4,4,3,4,3,1,4,3,3,4,1,3,3,1,2,3,2,3,1,3,4,2,2,4,4,2,2,1,4,1
2,1,3,1,1,3,1,3,3,4,3,3,1,2,3,1,1,3,3,4,3,1,3,3,1,3,3,1,1,3,1,3,3,3,4,3,1,3,2,1,4,2,2,3,3,1,1,3,1,4,2,3,1,2,3,3,4,1,4,1,1,4,4,4,3,2,3,2,2,2
2,2,2,3,4,2,1,3,1,2,3,3,1,1,4,1,3,4,1,1,3,4,1,4,4,3,3,1,2,4,4,4,3,4,1,1,2,3,4,3,3,3,4,3,3,4,3,4,2,3,4,1,3,1,3,4,4,1,3,4,4,3,2,4,4,3,3,4,1,2
2,1,1,4,2,4,4,2,4,3,3,1,4,3,1,2,2,3,3,1,4,4,4,1,3,3,4,4,1,2,3,4,1,1,4,3,2,1,2,4,1,2,3,3,4,3,2,2,3,1,4,3,1,4,2,4,3,4,1,1,4,4,4,4,3,1,1,3,4,4
2,2,2,1,3,1,4,1,3,4,1,1,4,4,4,4,1,3,3,4,4,1,1,4,4,3,2,4,2,1,2,4,3,3,4,4,1,2,4,1,2,3,3,1,1,3,4,2,3,2,1,3,2,3,4,4,2,2,4,4,4,3,4,2,4,2,1,1,2,4
4,4,1,4,2,4,1,2,3,1,3,1,1,3,3,2,4,4,2,3,3,4,4,1,2,4,3,2,3,1,1,4,3,4,3,2,2,3,3,2,3,3,1,3,1,1,4,1,1,1,3,4,2,1,2,2,4,3,2,4,4,1,3,1,2,3,1,3,3,4
4,3,3,1,4,2,3,3,2,1,2,1,4,1,1,4,3,4,2,4,2,4,2,2,1,3,1,1,4,3,4,3,2,3,3,4,2,4,3,4,2,1,4,1,1,4,1,3,2,1,3,4,1,1,2,3,2,3,4,1,1,1,4,4,1,1,2,2,2,3
3,1,4,4,3,2,1,2,3,1,2,1,1,4,1,3,1,2,3,2,1,4,3,4,3,1,1,3,4,4,3,2,3,2,4,2,4,1,3,4,3,4,3,1,1,1,3,3,2,2,4,4,1,3,4,3,2,3,1,2,3,4,4,1,1,4,4,2,3,3
3,2,2,4,3,4,2,3,3,2,3,3,4,3,2,2,1,1,1,2,3,4,2,2,2,4,2,2,3,1,3,2,1,4,2,4,1,3,4,4,2,3,4,2,1,1,2,3,2,3,4,4,3,4,3,2,3,3,2,4,1,1,4,1,3,3,1,2,2,1
2,1,4,2,1,1,4,2,2,2,2,2,1,1,3,4,3,4,2,2,2,3,1,3,1,4,2,3,1,2,3,3,2,1,2,4,1,3,1,1,3,2,1,4,4,2,4,1,3,1,3,4,3,1,1,3,2,3,2,1,2,4,1,3,2,4,4,3,3,2
4,4,2,3,1,2,2,1,4,2,2,4,2,2,2,4,1,3,1,4,2,1,3,4,1,3,1,4,1,3,3,3,4,2,2,3,4,1,3,1,4,3,3,2,1,1,1,2,4,2,3,1,3,4,4,1,1,3,4,2,2,2,2,1,1,1,1,1,4,4
2,2,1,1,1,3,3,2,2,2,3,2,3,3,3,3,1,3,2,3,4,1,2,3,4,4,4,4,3,3,2,1,3,3,1,3,1,1,1,3,1,3,4,1,1,4,4,3,2,3,2,4,2,1,3,4,2,2,3,2,2,1,1,4,2,4,4,3,1,1
4,2,4,4,4,3,4,4,2,1,2,2,1,2,2,1,4,2,3,2,2,3,3,2,1,3,4,2,4,4,2,2,2,4,1,4,4,3,1,4,1,3,4,3,3,2,1,3,4,1,2,4,3,1,4,4,3,2,1,1,2,2,4,4,2,1,2,2,2,3
3,3,2,2,1,4,4,2,1,4,2,1,1,1,4,4,2,3,2,1,2,4,3,4,3,1,1,3,4,4,1,2,1,3,3,3,4,1,1,1,3,2,4,1,3,3,2,3,3,1,4,3,1,3,4,1,3,1,4,4,2,1,2,4,1,1,3,1,1,1
2,2,1,4,4,4,1,1,3,2,4,1,3,2,4,3,4,3,4,2,2,2,3,3,3,1,4,1,3,3,1,1,3,1,4,1,4,2,3,3,4,1,3,2,2,2,3,3,1,1,3,4,4,1,4,2,4,2,3,1,1,4,2,2,4,2,2,3,4,2
2,1,4,4,1,1,2,4,3,3,2,4,2,4,1,1,1,1,3,1,2,4,4,4,2,4,4,2,4,1,1,2,1,2,3,4,2,4,2,2,1,4,2,3,4,3,3,1,3,3,1,3,3,1,3,1,3,3,1,2,4,4,2,2,1,3,1,2,1,2
3,2,3,4,1,3,4,1,3,1,3,4,3,2,3,3,3,1,2,2,3,2,2,2,4,2,3,1,2,3,4,1,1,3,1,3,3,3,3,3,4,1,1,4,2,4,4,3,1,4,2,3,4,1,3,4,1,4,2,3,3,1,4,1,2,3,1,4,1,3
4,3,4,3,1,1,1,2,1,2,3,3,1,3,4,4,4,1,3,4,1,2,3,2,1,2,3,4,4,1,3,2,1,1,4,4,3,1,4,4,2,2,2,4,1,2,2,1,1,4,1,1,1,4,2,3,4,2,3,3,1,4,2,1,4,2,2,3,4,1
4,1,3,1,3,4,2,3,4,4,3,4,2,1,2,3,1,1,4,2,4,2,3,1,2,2,1,2,2,2,4,1,4,4,1,1,2,3,4,4,1,2,4,2,2,1,1,1,4,4,4,3,4,1,4,2,3,3,4,2,3,4,4,4,4,4,1,4,4,2
3,3,2,2,2,4,2,1,4,1,4,3,3,3,4,3,1,1,2,1,2,3,1,4,1,2,3,4,4,4,3,1,4,4,4,2,1,1,2,3,1,4,3,3,1,2,2,2,4,2,3,2,3,3,3,1,4,3,1,4,3,2,3,3,1,4,1,3,4,3
1,2,3,2,2,2,2,2,2,4,1,4,4,2,4,2,2,2,4,2,3,1,2,4,1,2,4,3,4,1,4,3,2,3,3,1,1,1,1,1,3,3,1,1,3,3,4,3,3,4,3,1,2,1,3,1,1,2,3,4,1,2,2,4,2,2,4,2,3,4
1,2,4,3,4,2,3,2,4,4,3,3,3,3,2,4,1,2,3,3,3,2,3,4,2,1,4,4,3,4,3,3,4,2,3,1,3,4,4,4,3,1,3,2,4,2,3,4,1,1,3,2,4,4,2,2,2,2,4,4,2,1,3,2,4,2,1,4,4,4
2,2,2,2,4,2,4,2,1,4,1,4,1,3,2,3,2,1,4,3,2,1,3,4,1,3,4,3,1,1,3,2,3,3,3,2,1,3,1,1,2,1,1,3,2,4,3,4,4,4,3,1,3,2,2,2,1,1,2,3,3,3,4,3,1,1,3,1,3,3
1,3,2,1,2,4,2,1,1,1,4,3,1,2,2,4,4,2,2,3,4,2,4,1,3,1,4,4,3,3,4,1,1,3,1,3,1,1,1,1,1,1,1,2,2,2,4,4,4,1,1,1,4,1,1,2,3,3,1,1,2,1,3,1,1,1,3,2,2,2
3,3,2,3,3,1,2,1,1,1,1,2,3,1,3,2,1,3,1,2,3,3,1,1,3,1,4,2,2,1,2,3,4,2,4,1,3,3,1,2,4,1,4,1,3,1,3,1,4,3,1,3,4,4,2,3,3,3,1,2,4,1,2,3,3,3,3,1,2,2
1,4,1,1,3,2,1,3,1,3,4,3,1,3,4,4,3,2,1,3,1,4,3,4,4,1,3,4,3,4,4,1,2,3,1,4,1,3,1,4,1,3,1,3,3,3,3,2,4,2,2,3,2,3,2,3,3,3,1,4,3,1,2,3,1,3,3,1,2,2
4,3,3,4,4,3,1,2,3,1,2,1,3,4,1,3,4,3,2,3,4,2,3,3,1,4,2,2,3,3,3,2,3,3,3,1,3,1,3,3,1,1,3,3,3,3,4,1,1,4,4,4,3,2,2,2,3,4,2,4,1,2,2,2,3,4,3,4,4,4
2,4,3,4,2,2,3,3,3,2,3,3,2,1,2,3,2,2,3,2,1,1,1,1,1,1,1,1,1,2,1,1,1,1,1,1,1,1,1,1,4,2,4,1,4,4,1,1,3,3,4,4,1,2,3,3,4,3,1,4,3,1,3,4,3,2,1,4,3,2
2,4,3,2,2,4,2,2,4,2,2,2,1,2,2,1,2,4,2,3,2,3,2,4,2,1,3,2,1,2,1,1,2,3,1,3,3,4,3,1,3,2,4,3,2,3,4,2,1,3,3,4,3,3,1,3,4,3,3,2,3,3,2,3,2,1,2,4,4,3
3,1,3,3,3,2,4,4,2,4,4,2,4,4,2,2,4,3,2,1,4,3,1,3,1,3,4,3,2,3,1,2,3,4,1,3,4,1,3,4,1,3,4,1,3,3,4,3,1,4,3,3,4,3,3,2,3,1,2,3,4,1,1,2,4,4,4,4,1,4
2,3,3,1,3,3,4,2,4,4,4,2,2,2,3,2,3,4,4,2,4,4,3,4,3,1,2,1,4,4,2,3,3,4,1,4,4,2,1,4,3,3,1,3,3,3,4,1,3,1,1,1,4,1,3,4,1,2,2,4,3,2,2,1,2,2,4,3,3,1
1,4,2,3,3,4,1,4,4,2,4,1,3,2,1,4,3,1,2,1,4,4,1,4,4,1,3,3,2,2,3,2,1,2,4,2,3,3,2,3,3,1,4,1,1,4,1,1,3,2,4,3,3,4,3,3,1,4,1,2,2,3,4,2,2,4,2,4,2,3
1,1,4,2,1,2,4,1,3,1,1,2,3,1,4,4,1,4,1,3,4,1,1,4,2,2,4,2,2,3,1,4,4,1,4,3,3,2,3,3,2,3,4,1,1,1,1,4,1,1,2,3,1,4,2,2,2,1,4,4,4,4,2,1,4,3,3,1,1,3
4,4,1,3,4,1,4,4,4,1,3,1,4,4,1,2,2,1,1,4,2,2,2,3,1,2,3,1,1,4,3,1,2,4,3,4,3,3,2,3,3,3,3,4,3,3,2,4,1,3,4,2,1,1,1,3,1,4,4,1,2,4,1,2,3,4,1,2,1,4
2,1,1,4,1,2,3,4,4,1,1,1,4,3,2,3,1,1,4,3,1,3,2,1,2,1,2,3,2,2,2,1,3,2,1,1,4,1,1,3,2,2,4,1,1,1,3,4,3,4,3,2,3,2,3,1,2,3,3,2,3,2,4,4,1,3,1,1,1,1
4,4,2,4,4,4,3,1,4,3,3,2,3,4,2,3,4,1,3,2,2,3,3,3,3,1,2,1,4,2,2,1,2,3,1,2,4,1,4,1,1,3,4,1,3,3,1,2,1,2,2,2,2,3,1,1,1,2,1,2,3,1,3,2,3,3,2,2,4,3
1,3,2,2,2,1,4,2,2,2,3,4,4,1,3,1,1,3,3,4,1,1,4,2,2,2,2,4,1,3,2,2,1,4,2,1,2,3,1,4,2,1,2,2,3,1,2,2,2,3,1,2,3,1,1,4,1,1,2,3,4,4,1,2,4,1,2,1,3,1
2,1,1,2,2,1,4,2,2,3,1,1,1,3,2,3,3,3,2,1,3,1,4,1,3,1,1,2,3,3,1,3,2,3,4,2,2,3,1,1,1,3,2,3,1,4,1,2,2,3,3,2,3,2,2,1,1,3,2,2,4,3,1,4,1,4,4,1,3,3
1,1,4,2,2,4,1,1,3,4,2,3,3,3,1,2,3,3,3,1,2,4,4,4,3,1,1,1,4,4,1,1,3,2,2,3,1,2,4,1,2,3,4,4,2,3,3,1,3,2,3,2,1,2,1,4,3,2,1,2,3,1,1,3,4,4,2,2,4,4
1,2,4,4,2,3,1,4,1,2,2,3,2,4,2,2,1,4,2,3,4,4,2,3,3,4,2,3,4,3,3,1,3,2,3,3,1,2,2,2,2,1,4,4,3,1,3,1,3,2,4,3,2,2,2,3,1,3,4,1,1,4,4,2,2,4,2,2,3,3
2,1,2,4,1,3,1,1,1,1,1,1,1,4,1,3,4,4,1,2,2,2,4,1,1,3,1,3,3,3,2,2,2,2,1,1,3,1,2,2,2,2,3,2,1,2,3,1,1,3,1,2,2,2,1,3,1,1,3,3,2,3,3,2,1,1,2,1,2,2
4,4,3,3,4,4,4,2,4,2,2,3,3,1,2,3,2,1,3,1,2,3,4,4,2,1,2,3,1,3,1,1,4,1,3,2,1,1,3,1,1,1,3,1,1,4,1,1,1,1,1,3,4,4,1,1,1,1,2,1,3,1,1,3,4,2,3,4,2,1
4,1,3,4,2,3,4,2,3,4,1,3,1,1,3,4,2,1,1,3,3,4,1,1,1,4,1,2,1,3,2,2,3,4,4,1,3,4,3,1,4,2,4,2,1,4,1,1,3,3,3,2,2,3,4,2,1,1,4,3,4,2,3,3,1,3,1,3,3,2
4,1,3,1,3,3,1,3,1,4,1,1,2,2,2,2,3,4,3,4,4,1,1,4,1,4,4,2,3,2,2,4,4,3,1,4,2,3,4,1,3,1,1,2,4,1,2,2,1,2,2,3,3,4,4,3,1,2,3,2,3,2,4,2,3,1,1,3,3,1
1,4,3,3,1,4,3,2,3,1,1,1,4,2,4,1,4,2,1,2,2,4,1,1,4,4,2,3,2,1,3,1,1,1,1,1,3,1,2,1,3,2,1,1,3,1,1,2,1,3,1,1,3,4,2,1,2,1,1,2,3,2,3,2,2,3,3,1,1,3
1,4,1,1,1,1,2,4,1,1,4,1,4,1,3,4,4,2,1,2,4,3,4,1,3,2,2,3,3,2,1,2,4,2,2,2,4,3,2,1,4,1,1,2,2,1,2,3,3,4,3,1,2,4,4,4,3,1,1,1,1,1,3,3,1,3,2,3,4,3
2,2,4,4,2,3,3,1,4,1,2,2,3,4,2,4,1,4,4,1,4,4,2,4,1,3,1,2,3,2,4,1,4,4,2,3,4,3,3,1,3,4,1,3,1,3,4,1,3,3,2,4,2,1,4,2,3,3,2,4,3,4,2,2,4,4,1,3,1,4
1,2,3,1,2,3,1,1,3,3,1,2,4,4,2,3,2,4,1,4,2,2,2,4,4,3,4,2,4,4,1,4,2,1,3,1,4,1,1,3,2,4,1,3,2,1,1,4,2,1,4,4,4,2,3,2,3,3,2,3,3,3,2,3,4,1,3,1,3,4
2,2,1,2,3,4,4,4,3,2,4,2,2,4,2,4,1,1,1,3,1,3,4,2,2,4,2,1,4,1,1,4,3,1,1,4,1,1,3,4,2,3,2,3,2,1,4,2,4,4,4,1,3,4,1,3,4,2,4,4,3,4,4,1,3,2,4,4,1,4
4,2,4,3,4,2,2,1,4,3,4,1,4,3,2,4,2,2,4,1,1,4,4,3,4,2,2,2,4,4,2,3,1,3,1,1,4,4,1,3,1,2,2,2,2,1,1,2,4,4,3,2,4,4,3,4,4,3,3,4,3,4,4,4,1,4,4,1,2,2
1,4,4,1,4,4,3,2,4,1,3,2,3,1,1,1,1,4,3,2,2,4,4,2,3,4,2,4,2,4,1,4,1,3,1,2,4,1,4,3,3,3,1,4,4,4,2,3,4,4,3,2,2,3,4,3,4,1,3,4,1,3,2,1,2,4,4,3,3,3
3,1,3,2,4,4,1,1,4,3,2,3,2,3,1,4,4,3,2,2,1,4,2,3,1,4,3,4,4,1,3,1,4,3,4,4,3,4,1,4,4,2,3,2,4,4,4,2,1,4,3,2,3,2,1,4,1,1,3,3,4,1,4,2,3,3,3,4,1,2
1,3,2,4,3,4,1,4,4,3,4,3,4,3,2,4,4,2,2,2,4,1,1,3,4,4,3,4,1,4,2,2,2,4,2,1,1,1,1,1,1,1,1,1,1,1,1,1,1,2,3,2,4,4,1,2,2,4,2,2,1,2,4,2,4,3,4,4,4,1
3,2,1,1,2,1,1,4,1,4,4,3,3,2,2,3,3,3,3,2,4,2,3,4,3,4,3,4,2,4,4,1,1,3,4,1,1,3,1,2,3,2,1,4,3,3,1,3,3,4,3,4,1,4,3,4,1,1,1,4,3,2,2,4,2,1,4,4,4,1
1,4,1,2,4,4,2,3,2,4,4,3,2,3,2,2,4,3,4,3,3,1,4,1,2,2,2,2,4,3,4,3,4,2,4,4,1,2,3,3,3,3,4,3,4,4,4,2,4,1,1,3,3,3,4,4,3,4,1,4,2,4,3,4,3,2,2,4,3,1
1,4,4,1,4,4,3,2,4,3,1,2,3,1,2,3,2,1,1,2,4,3,1,2,4,1,3,3,2,3,3,2,2,3,4,4,3,1,4,3,4,4,4,3,2,1,1,2,2,1,2,1,4,2,4,4,2,1,4,2,3,4,3,4,4,2,1,4,1,2
4,2,1,4,2,3,2,3,3,1,2,3,4,1,3,2,2,1,2,2,3,1,4,1,3,2,3,2,1,3,2,3,3,4,2,3,1,4,3,4,2,4,3,4,1,1,4,2,1,2,3,4,2,4,3,1,4,3,2,1,1,3,1,3,4,4,3,3,4,3
1,1,3,3,4,3,4,1,2,2,3,4,4,1,3,1,4,3,4,4,1,4,4,3,1,3,4,2,1,4,4,1,4,2,3,4,4,1,2,3,4,3,1,3,4,4,3,4,1,1,3,1,3,4,2,4,2,3,4,2,1,4,3,1,1,3,1,3,4,2
1,3,1,4,3,4,3,2,3,3,3,3,4,3,1,1,3,1,3,4,4,1,2,3,4,2,2,1,3,3,3,4,3,3,4,4,1,3,1,4,3,2,3,4,1,3,4,2,2,4,3,3,3,4,3,4,4,1,3,4,3,4,4,3,3,4,1,3,3,2
4,4,4,3,4,1,3,3,4,1,1,3,4,1,3,4,4,3,4,2,3,2,4,3,4,1,3,4,3,3,4,3,1,4,2,1,2,2,3,4,4,3,1,4,1,2,3,3,4,4,4,1,1,2,4,3,4,3,1,1,3,1,3,3,4,1,1,2,3,2
1,2,1,4,2,3,3,3,2,3,4,3,2,3,1,4,3,4,2,3,4,4,1,4,4,3,3,2,4,1,1,4,3,2,3,2,1,4,4,4,3,2,3,4,3,4,1,4,4,4,3,2,4,4,4,4,4,2,4,3,4,1,4,2,2,1,3,1,1,3
1,2,1,4,2,3,1,3,4,1,3,2,4,2,4,4,3,1,2,3,2,2,3,2,3,2,4,4,4,1,3,4,3,3,4,3,1,3,3,1,2,3,2,4,4,1,1,3,4,3,4,1,1,1,2,1,4,1,1,3,3,1,1,3,1,1,1,2,3,4
2,3,4,1,3,3,2,2,1,2,4,3,4,1,4,4,2,3,1,1,3,2,4,2,1,4,3,3,4,4,1,1,4,4,3,2,2,3,1,1,3,3,1,2,3,1,1,1,1,1,1,1,1,4,4,4,4,3,4,1,1,1,1,2,4,1,1,3,4,3
3,3,2,2,1,1,1,1,1,3,3,1,4,1,1,1,1,1,1,3,1,1,3,1,3,3,1,1,3,1,2,3,3,4,3,1,2,3,1,2,3,3,3,4,2,3,3,4,3,3,1,3,2,2,2,3,2,3,4,3,4,3,1,3,2,2,2,3,4,4
3,3,2,2,1,1,1,1,1,3,3,1,4,1,1,1,1,1,1,3,1,1,3,1,3,3,1,1,3,1,2,3,3,4,3,1,2,3,1,2,3,3,3,4,2,3,3,4,3,3,1,3,2,2,2,3,2,3,4,3,4,3,1,3,2,2,2,3,4,4
2,2,1,4,1,4,4,4,3,3,4,3,1,3,4,3,2,2,4,1,1,3,4,3,4,2,1,4,2,2,2,2,1,1,3,4,3,2,2,4,4,2,1,2,3,1,2,3,1,3,3,2,3,2,1,4,3,3,3,3,1,2,3,1,2,3,1,2,1,2
2,4,2,2,3,1,3,4,1,3,3,4,3,3,4,2,3,1,4,4,3,1,2,2,1,3,3,4,3,1,3,2,2,2,3,4,2,2,1,2,3,3,4,1,1,3,4,3,2,1,3,2,1,3,1,1,2,1,1,4,2,2,4,4,1,1,3,3,1,2
3,1,3,1,4,1,3,2,3,2,4,3,1,2,1,4,4,4,2,2,3,3,1,2,4,1,2,3,3,1,1,1,2,4,4,4,1,4,4,4,4,2,1,3,2,4,2,2,1,1,1,4,4,3,3,2,4,1,4,2,2,2,3,4,1,3,4,1,1,3
2,3,2,2,1,4,4,4,3,2,1,1,4,2,4,4,3,4,3,1,1,4,1,3,3,2,3,2,2,1,1,1,4,3,4,3,1,1,3,3,2,3,1,1,3,1,2,2,2,3,2,1,2,4,4,4,1,4,2,1,2,3,4,1,1,4,2,3,1,2
3,3,2,1,4,4,4,1,1,1,4,3,4,4,1,3,1,1,3,2,2,3,3,1,3,3,1,4,3,2,2,2,2,3,3,1,3,1,1,1,3,2,1,1,1,1,3,2,3,3,1,2,4,4,1,3,1,2,1,2,2,4,1,1,4,4,2,3,1,3
3,2,2,1,1,1,3,2,3,1,3,1,4,4,4,1,2,2,1,1,3,4,1,3,3,2,1,3,4,3,4,4,2,3,3,2,4,2,3,3,3,3,3,2,1,4,1,1,1,4,2,3,2,1,3,1,4,1,2,2,1,1,3,1,2,2,4,4,4,1
4,2,3,1,1,1,3,2,1,2,3,3,1,1,3,2,3,4,1,1,1,4,2,3,1,1,4,4,4,3,4,1,1,1,3,4,4,2,1,4,2,3,4,4,1,4,4,2,4,4,1,4,2,3,1,1,3,2,3,4,1,1,1,4,3,3,1,2,4,4
1,2,3,3,1,2,3,4,4,4,1,2,3,4,4,2,1,2,2,1,4,1,1,4,2,3,1,4,3,4,4,3,4,4,3,3,2,4,4,4,1,4,2,4,3,1,1,3,1,2,4,4,4,3,1,4,3,1,1,1,3,2,1,4,3,3,2,4,4,1
3,4,1,1,3,2,4,2,3,2,2,3,1,2,3,4,4,4,1,1,2,2,1,2,3,2,2,3,2,1,4,1,4,4,4,1,2,4,2,1,2,2,1,2,2,4,4,2,1,4,2,4,4,2,3,3,2,2,1,4,4,3,1,3,3,4,1,4,2,4
3,4,2,1,4,2,1,2,4,3,4,1,3,4,4,3,1,1,1,4,1,3,2,1,4,4,2,4,4,4,3,4,4,3,2,4,3,4,4,3,4,1,1,3,1,4,1,4,4,2,3,4,1,1,1,2,4,3,4,1,3,2,4,3,2,4,3,4,4,3
2,1,3,1,4,3,4,1,4,1,1,3,4,1,1,1,4,4,3,1,4,2,4,4,4,3,3,4,3,4,4,4,2,3,3,2,3,4,3,3,4,1,1,3,2,3,2,1,4,4,3,4,1,1,2,3,3,2,1,3,2,3,4,3,3,1,1,4,4,2
2,2,3,1,4,1,4,2,3,4,4,3,4,3,2,3,4,3,4,3,2,2,1,4,4,1,2,4,4,3,1,3,2,1,2,4,1,2,4,1,4,2,2,1,1,2,4,1,1,2,3,2,2,3,4,4,3,4,2,3,4,4,2,4,4,2,2,3,4,1
3,1,2,1,2,3,3,4,4,4,2,4,1,4,2,2,3,2,4,3,4,4,2,2,4,3,4,3,2,2,4,4,4,1,2,4,1,4,2,3,3,2,2,1,4,4,3,1,3,3,1,1,3,1,1,1,4,2,4,3,4,3,4,4,3,2,1,3,1,1
3,1,3,3,3,1,2,3,2,2,3,3,3,1,4,3,4,3,3,1,1,2,3,4,3,1,4,3,4,2,1,4,1,3,3,4,3,1,4,3,3,4,3,2,3,4,2,1,2,4,4,3,4,1,1,3,4,1,1,2,2,3,4,3,3,3,3,2,3,3
2,2,2,2,2,2,1,4,4,1,3,4,4,2,2,1,1,2,2,4,4,1,1,2,2,1,2,4,3,4,2,3,4,2,3,4,1,1,2,2,3,3,4,3,4,3,1,2,1,4,4,1,3,3,4,1,2,1,3,4,2,2,4,4,3,2,3,3,4,3
3,2,2,4,1,3,3,4,4,2,4,3,4,1,1,4,3,1,4,1,2,2,3,1,4,1,2,2,3,3,1,1,1,1,1,1,1,4,3,2,1,2,1,1,1,2,1,1,1,1,1,1,1,1,1,1,1,1,1,2,1,4,1,1,2,3,3,1,4,2
4,2,3,1,4,1,4,2,4,4,2,3,3,2,4,4,2,3,2,3,1,4,2,1,2,3,2,2,2,2,4,2,2,1,3,1,3,1,2,3,3,1,1,3,1,4,1,2,4,1,1,2,2,2,2,2,4,1,2,4,4,2,2,3,3,4,2,4,4,3
4,3,1,4,1,4,3,3,4,1,4,3,1,1,3,4,4,3,2,1,4,1,2,3,3,3,4,1,4,4,2,3,3,1,3,4,3,1,4,1,2,4,3,3,4,1,4,3,1,3,4,4,1,1,4,2,3,1,1,4,3,3,3,3,3,4,3,4,4,2
2,4,1,1,2,2,3,3,1,3,4,1,3,2,1,2,4,2,3,3,1,3,4,3,3,3,4,2,2,1,1,1,1,1,2,2,2,2,3,3,4,2,4,1,1,4,4,1,2,1,1,1,1,1,4,1,2,1,4,3,3,3,1,1,4,1,1,1,3,4
2,2,3,3,1,1,4,1,3,4,1,3,2,1,4,1,3,3,1,4,1,3,3,4,3,4,2,2,1,3,1,1,1,2,1,1,1,4,2,2,1,1,1,3,1,4,4,1,3,1,1,4,2,2,4,4,1,1,4,1,1,1,1,1,3,2,1,3,2,4
3,1,2,3,3,3,1,2,1,3,4,2,2,4,4,3,3,4,1,2,4,1,1,2,3,3,1,3,2,3,3,2,1,3,1,2,2,2,3,3,4,2,1,1,4,4,1,3,3,4,2,3,2,3,4,1,3,1,1,1,1,1,3,1,2,1,1,1,4,1
3,2,4,3,2,2,2,3,3,1,4,4,4,3,4,4,3,4,4,1,3,4,1,1,4,4,4,4,1,3,3,2,3,1,1,1,2,3,4,1,1,3,2,3,3,1,3,3,1,1,3,1,1,1,2,2,4,4,2,4,4,3,4,4,1,3,1,1,1,1
1,4,3,1,3,3,4,3,1,4,1,1,3,4,3,2,4,4,3,4,3,2,4,4,4,3,1,2,2,2,3,3,1,1,3,1,3,1,4,3,4,2,3,3,2,3,1,4,3,4,3,4,3,2,1,3,1,2,3,1,1,4,4,3,4,4,2,2,4,2
2,1,2,3,1,3,3,1,1,3,4,1,1,4,3,1,1,3,4,2,2,3,3,1,1,2,3,4,4,4,1,4,4,1,4,2,1,3,1,4,4,3,1,2,1,3,4,4,4,4,1,1,2,3,3,4,4,1,4,4,3,3,3,3,2,3,1,2,3,1
1,1,4,4,2,2,4,2,4,1,3,2,2,3,4,1,2,4,3,1,4,4,4,3,2,4,1,4,4,2,2,3,3,1,2,2,2,3,4,4,4,4,4,2,4,4,4,4,4,2,3,4,2,3,4,2,1,4,2,3,4,2,3,2,1,4,4,4,3,4
2,2,4,2,1,1,3,4,4,2,3,2,4,3,4,2,3,4,4,4,4,3,1,1,1,4,4,1,3,2,4,3,4,4,3,2,1,3,4,4,1,3,3,2,4,1,4,3,2,4,4,4,3,3,3,3,3,4,3,4,2,4,4,2,4,3,2,4,4,1
1,1,2,3,4,3,4,1,4,2,3,3,4,1,1,1,1,2,1,4,2,4,2,3,1,1,4,1,3,4,1,2,4,3,2,3,3,3,2,4,2,1,3,3,4,3,2,3,4,1,1,1,3,2,3,2,1,1,1,1,4,3,4,4,3,2,4,3,4,2
3,4,2,2,2,2,1,1,2,2,1,1,1,2,1,2,3,3,1,3,2,1,3,4,3,4,2,2,1,1,4,2,2,3,4,4,2,1,2,4,2,3,2,3,2,1,2,1,2,3,2,3,2,4,1,2,2,1,4,1,4,3,4,4,3,2,4,1,4,1
3,4,1,3,4,1,3,1,3,3,1,1,1,1,1,1,3,3,1,1,3,1,3,3,2,4,3,2,3,4,3,2,4,3,1,4,3,4,2,3,1,3,2,2,1,4,2,2,2,4,1,1,3,1,2,3,3,4,4,1,4,4,4,4,1,2,4,3,1,2
3,4,2,3,4,4,4,4,1,1,2,3,3,3,4,1,2,1,4,1,2,3,4,1,4,1,2,4,3,4,4,3,3,1,4,1,3,3,1,2,3,4,2,2,4,3,3,1,3,2,1,4,4,2,3,1,3,2,4,4,3,3,3,2,4,2,3,3,2,3
4,1,3,2,2,4,3,4,4,4,3,4,3,4,4,1,4,1,3,1,4,1,4,4,2,1,4,2,2,4,1,1,2,4,2,3,3,3,1,1,1,2,1,1,3,2,2,2,1,3,1,1,1,2,4,4,4,1,4,4,3,2,1,3,4,3,4,4,3,1
4,4,4,1,4,3,1,2,3,2,3,1,4,4,1,4,4,3,1,4,4,3,2,1,3,4,4,1,3,4,3,3,4,2,4,1,2,3,2,2,3,4,3,4,2,2,4,3,2,3,4,4,4,3,2,2,3,1,4,4,3,3,3,1,3,3,1,4,1,1
2,1,4,1,2,1,4,2,4,2,2,1,4,1,1,1,3,2,3,4,3,3,2,1,4,1,4,4,4,2,3,3,4,4,3,2,3,3,3,4,3,1,4,1,1,4,1,3,1,3,2,3,4,2,3,3,1,2,1,2,3,3,4,4,1,3,4,1,4,3
2,2,4,2,2,2,3,1,4,1,2,2,1,3,3,3,3,2,3,2,3,2,2,3,3,1,4,1,3,1,3,3,2,4,4,4,1,3,2,2,2,4,1,1,1,4,4,4,2,1,2,2,4,2,3,3,2,1,4,3,3,4,2,2,1,4,1,1,4,2
4,4,4,2,3,3,4,2,4,4,2,1,1,1,3,3,4,3,4,2,4,4,1,1,1,2,1,4,1,2,4,2,4,1,3,2,3,3,1,2,2,3,4,1,3,1,1,3,3,2,3,2,1,1,1,1,1,1,2,1,4,1,1,4,2,3,3,2,3,1
3,3,1,1,4,1,4,3,2,1,1,4,1,3,1,1,3,1,3,3,1,1,1,4,4,1,1,2,1,4,2,1,4,2,1,4,2,2,1,4,1,4,2,2,2,2,3,3,4,1,1,2,3,4,2,4,4,2,3,2,1,1,1,1,3,4,2,3,1,1
3,4,2,3,1,1,1,2,2,1,4,1,1,1,1,3,1,1,3,3,1,4,2,4,4,4,1,3,2,1,3,3,2,2,2,3,3,1,1,3,2,2,2,4,1,3,1,2,3,1,1,3,1,1,1,3,2,1,1,1,4,4,3,1,2,2,2,1,2,3
4,2,3,1,2,1,1,1,1,4,1,2,1,2,4,1,3,4,4,1,3,1,1,4,4,2,4,1,3,4,2,3,3,3,1,3,1,2,3,1,1,1,4,2,2,3,3,1,4,2,3,1,4,4,2,2,3,1,2,3,3,1,1,1,1,1,4,4,3,1
1,1,1,3,2,1,2,3,3,1,3,3,4,1,3,3,3,4,2,4,2,4,1,1,1,4,4,4,3,1,2,1,4,2,1,1,3,1,2,3,1,1,1,4,4,1,2,3,4,2,1,4,3,3,3,2,4,4,2,2,2,3,4,4,1,1,1,4,4,2
1,4,2,1,1,2,3,2,3,1,1,1,3,3,4,3,3,2,4,1,3,3,4,1,1,1,1,4,1,1,1,1,1,1,4,1,1,4,3,3,1,3,4,1,3,4,4,1,1,1,2,4,1,3,1,1,1,3,2,4,3,1,1,2,1,2,3,1,2,1
2,4,3,1,4,1,2,3,3,1,3,2,2,2,2,2,2,3,1,2,3,4,3,3,4,1,2,4,3,4,1,3,1,1,1,1,4,1,1,1,4,2,2,1,1,3,2,4,4,2,1,1,1,1,2,2,3,2,4,1,2,3,2,1,2,3,4,1,3,1
1,1,1,2,3,2,1,1,1,2,2,2,3,3,1,1,1,4,2,4,4,1,3,1,4,1,4,2,4,1,2,3,2,1,3,2,3,2,1,4,1,1,1,4,4,2,3,3,1,1,4,1,3,1,1,3,1,4,1,4,1,1,3,2,2,4,4,3,1,1
2,2,1,2,3,2,1,4,2,1,2,1,1,4,1,3,2,1,4,2,3,3,2,1,1,4,1,2,3,3,3,3,3,2,3,4,2,3,3,4,2,3,3,2,4,1,1,3,4,3,2,4,2,4,1,3,2,2,1,1,1,2,3,4,1,3,2,3,3,2
2,3,1,4,2,2,3,4,1,3,3,1,4,1,3,1,1,1,4,1,4,1,3,1,1,4,2,2,2,4,2,2,1,4,4,1,1,4,2,4,2,2,3,4,2,2,3,1,4,2,4,2,4,2,3,3,3,4,3,1,4,1,3,1,1,4,4,1,3,1
2,1,4,2,2,2,1,3,4,1,2,3,2,3,3,1,1,2,4,1,3,3,4,2,3,2,3,3,1,4,1,3,2,2,1,2,3,1,2,4,4,2,3,1,2,3,2,1,4,3,2,3,2,2,1,2,2,3,1,1,1,1,2,4,1,2,3,3,2,3
2,3,3,1,1,3,1,2,3,1,1,4,2,2,4,4,4,1,1,4,2,1,4,2,3,2,2,2,2,4,4,1,4,2,3,3,1,4,3,3,4,1,2,1,3,3,2,3,2,2,4,4,1,1,4,1,1,4,4,1,3,2,2,1,4,1,1,1,2,4
1,1,2,1,3,2,2,4,4,1,1,1,2,3,3,1,3,1,4,1,1,2,3,4,3,4,4,2,1,1,2,2,3,3,1,1,3,3,1,1,4,4,2,3,1,1,3,2,1,1,1,2,3,3,1,1,4,1,1,3,2,3,1,3,1,2,4,3,3,1
4,1,3,3,3,2,1,1,2,2,2,3,2,2,2,3,4,4,1,2,3,3,1,1,1,2,2,1,1,4,4,2,2,4,1,1,3,4,4,1,1,2,4,2,1,2,3,3,4,3,1,1,3,2,2,2,4,4,2,2,2,1,2,2,4,4,1,1,2,3
2,3,3,4,2,4,2,1,2,1,2,4,2,4,4,4,1,3,1,4,2,4,3,2,1,4,1,1,1,2,1,4,1,4,4,4,4,3,2,4,4,1,1,2,3,2,4,1,4,2,4,2,2,4,4,1,3,1,1,1,1,4,1,1,1,1,1,4,1,4
4,2,1,4,3,1,4,2,1,4,1,2,3,1,1,4,3,3,3,4,3,3,3,2,3,3,2,3,4,4,3,4,4,1,2,4,2,4,2,1,3,2,1,3,1,4,1,4,4,2,1,2,3,2,3,1,1,4,1,2,2,3,3,2,3,4,4,1,3,3
2,3,3,2,4,2,4,2,3,3,1,2,3,4,4,1,2,3,3,1,4,1,1,2,3,2,4,1,1,4,4,4,1,2,2,4,1,1,4,4,1,4,4,1,4,4,3,2,1,1,4,3,4,2,3,3,4,2,2,3,4,3,2,2,1,4,4,3,1,2
4,4,1,2,3,4,2,2,4,2,3,3,3,2,1,1,4,3,3,1,4,3,2,2,1,2,3,2,3,4,4,2,2,2,4,4,1,4,1,2,1,4,1,1,3,2,3,4,4,2,4,1,1,1,1,1,2,2,4,2,2,4,3,4,2,3,2,2,1,1
1,1,1,4,4,2,3,4,2,3,4,2,2,4,2,4,4,4,1,3,3,4,2,4,4,2,1,4,1,4,2,2,1,2,3,1,3,2,3,3,1,1,4,2,2,2,1,3,3,1,1,3,3,1,2,3,2,3,1,1,4,1,2,3,3,2,2,4,2,1
4,1,3,1,3,2,2,4,4,4,2,4,3,3,2,1,1,4,3,1,4,4,2,3,4,3,3,3,2,1,3,1,2,3,3,4,3,4,4,1,3,4,1,2,4,1,3,2,2,2,4,1,4,3,1,3,4,1,2,4,1,1,4,4,2,4,2,1,2,3
4,2,1,4,2,2,2,2,2,2,4,4,4,4,1,2,3,3,4,2,4,1,4,1,1,4,1,4,4,3,4,2,2,4,4,1,4,4,4,2,2,3,1,1,3,4,4,1,2,3,4,2,3,4,3,3,1,1,2,3,1,4,1,4,4,1,1,2,3,1
2,4,1,3,2,4,1,2,2,4,1,1,4,3,1,4,2,1,4,4,2,1,2,4,2,3,4,1,3,4,2,1,1,4,1,2,3,4,2,4,2,1,4,4,4,4,1,2,2,4,4,2,3,4,4,1,1,2,3,4,1,1,4,4,1,1,2,1,2,2
4,4,4,1,2,2,2,4,4,1,2,2,4,4,2,2,4,2,4,3,4,1,1,4,2,3,3,3,4,3,3,4,2,2,2,4,1,3,1,3,3,4,2,3,3,2,4,1,2,2,2,1,4,4,1,3,1,4,2,3,1,1,1,1,4,4,1,1,1,3
1,1,1,4,2,4,4,4,2,4,2,2,2,3,3,3,3,2,4,2,3,3,1,2,2,2,3,1,4,4,4,4,2,1,4,2,2,2,3,2,4,2,1,2,2,4,2,3,3,2,2,4,2,1,2,2,4,4,4,2,1,4,4,2,3,3,1,2,3,3
2,1,4,4,2,2,4,2,1,4,4,2,3,1,1,4,4,1,4,1,4,2,2,2,2,1,1,3,1,1,3,3,2,2,2,4,4,1,2,4,1,2,3,2,2,2,3,1,4,2,4,2,2,4,1,3,2,3,1,3,4,2,3,3,4,4,2,3,3,1
1,1,2,3,1,4,1,3,3,2,2,1,4,2,1,2,4,2,4,4,2,1,1,4,3,1,1,2,2,2,3,1,1,1,2,1,1,1,3,4,3,4,1,4,2,3,2,3,3,1,2,3,3,4,3,1,1,3,3,4,2,1,4,1,1,4,3,2,1,3
4,4,4,1,1,2,3,4,1,1,4,1,2,3,1,4,4,1,1,1,3,1,4,2,3,3,2,2,4,2,2,3,3,2,1,4,1,3,1,2,3,4,2,4,3,4,4,1,1,4,2,1,4,1,1,4,1,2,4,3,3,4,2,1,2,4,1,3,3,3
4,2,2,4,2,1,4,1,2,2,4,4,1,3,1,1,3,3,1,2,1,4,1,1,1,3,1,2,4,3,4,1,2,3,2,1,2,2,4,1,2,2,2,2,2,4,1,3,1,1,1,4,2,2,4,4,1,3,4,4,4,1,2,3,1,3,4,1,3,3
4,1,3,3,2,3,3,2,2,3,1,2,3,1,3,3,2,4,1,1,2,2,1,4,1,1,1,3,1,4,2,2,4,1,1,3,3,4,4,3,2,4,3,4,4,1,2,1,4,4,4,2,1,4,4,1,1,4,1,4,1,1,4,1,1,4,2,4,2,3
3,4,2,2,2,3,2,3,3,3,2,2,1,4,1,2,3,3,4,2,4,4,3,1,4,4,1,2,3,4,3,4,4,1,1,3,3,2,4,1,1,4,4,4,2,1,2,4,4,4,3,4,2,1,1,4,2,1,2,4,4,4,2,1,2,4,4,1,4,2
4,1,2,2,3,3,1,1,4,1,1,4,2,3,4,4,3,2,1,1,1,2,1,3,2,3,2,2,1,4,3,4,1,3,1,1,1,1,1,3,2,2,4,2,2,3,2,3,2,3,1,4,1,3,1,1,4,4,1,2,3,2,3,3,4,3,4,1,2,1
4,4,3,2,2,4,2,4,3,1,3,4,1,1,4,2,2,4,1,2,3,2,4,2,1,2,3,3,3,3,3,4,4,4,2,2,1,4,1,3,1,4,2,2,3,3,3,1,4,1,3,1,1,2,1,2,3,4,2,4,2,1,2,3,4,4,1,1,4,2
4,1,3,4,2,4,1,2,3,4,2,4,2,3,3,1,4,1,2,3,1,4,4,2,2,2,3,1,3,3,2,3,3,1,2,4,4,4,1,2,3,3,1,2,3,1,3,4,4,4,1,4,4,4,2,3,4,2,2,2,1,2,4,2,2,4,2,4,2,2
4,3,1,1,3,2,2,2,2,4,3,1,4,3,2,3,3,2,4,1,3,1,3,2,3,4,1,2,4,1,3,4,4,1,4,1,4,4,3,4,3,3,4,1,2,4,1,2,4,3,1,3,3,4,1,3,2,4,2,1,4,4,2,3,4,3,2,1,4,1
4,4,3,2,2,4,2,4,3,3,4,4,3,3,2,1,1,4,3,4,2,1,4,4,1,4,3,2,1,1,3,1,1,3,4,2,2,4,2,2,3,4,2,2,4,2,2,3,4,1,1,1,2,1,3,4,1,3,4,2,3,4,1,1,4,4,1,2,3,3
4,4,2,3,4,3,3,1,2,4,4,4,1,1,1,1,4,3,3,4,2,4,4,1,3,4,3,1,3,4,1,1,3,1,3,4,2,4,1,3,1,3,4,4,1,2,2,3,2,4,4,1,1,3,1,4,4,2,3,3,3,2,2,3,4,3,3,1,4,4
4,2,1,2,2,2,2,2,2,3,3,3,1,1,4,4,2,1,4,3,1,2,1,1,3,4,3,4,2,2,4,4,4,3,3,3,3,2,2,4,1,2,3,3,4,4,4,4,4,3,1,2,1,1,3,4,2,4,3,4,4,2,3,2,3,4,4,1,2,2
3,2,1,1,1,2,1,4,3,3,4,4,3,3,1,4,3,2,3,1,3,1,4,3,3,3,3,3,3,1,3,1,3,4,1,4,2,3,3,2,2,3,3,4,2,2,2,4,3,3,2,2,3,3,1,1,4,4,4,1,4,3,2,2,4,2,1,1,4,1
4,4,2,3,4,2,1,4,4,2,2,2,2,2,3,1,2,4,4,2,2,2,2,3,3,1,2,2,4,2,4,3,3,1,2,3,1,2,4,3,2,4,2,4,1,1,1,4,1,3,1,2,2,2,1,4,4,1,3,2,2,2,3,1,1,2,1,2,3,1
3,3,3,2,4,2,4,4,2,3,4,3,4,4,3,4,1,3,4,3,4,2,4,2,2,3,4,2,1,4,4,1,1,3,3,1,4,4,3,4,2,3,2,1,2,2,1,4,3,4,2,3,3,1,1,1,1,1,2,4,2,1,4,4,4,1,3,1,4,4
3,2,3,4,1,3,3,3,2,4,4,4,4,3,2,2,4,2,3,4,4,3,4,4,2,3,4,3,3,1,4,2,2,2,2,4,2,3,4,2,3,4,1,2,3,2,2,4,4,2,2,4,1,4,3,4,4,2,2,2,3,2,3,4,1,4,2,3,3,4
4,2,3,1,4,4,3,2,4,4,4,1,2,3,3,1,4,3,3,1,1,1,4,4,4,4,1,4,4,1,2,3,1,1,1,2,2,3,4,2,1,1,4,2,3,3,1,3,2,3,4,4,1,1,1,4,1,1,4,1,2,3,4,2,2,4,1,2,2,4
2,4,4,2,1,1,1,3,2,4,4,1,3,4,4,4,1,4,4,4,2,3,2,3,2,3,1,4,1,1,2,4,1,1,1,1,1,3,4,1,4,2,4,2,1,4,4,1,2,2,2,2,4,2,2,1,1,2,1,4,4,4,1,2,2,4,3,4,4,2
2,1,2,2,2,2,4,3,4,2,4,4,4,1,2,4,3,2,1,4,1,4,1,4,1,2,4,3,1,1,1,3,3,3,4,4,1,4,2,3,4,3,2,2,4,3,1,4,4,3,2,1,2,3,3,1,2,3,2,2,4,1,1,2,1,1,2,3,1,4
2,4,1,2,3,2,1,1,1,4,1,1,4,3,2,3,2,2,4,1,1,2,1,1,1,4,1,2,4,1,4,2,2,2,1,2,2,2,2,2,2,2,1,4,1,2,3,2,1,2,4,1,1,3,3,4,2,4,2,3,4,1,2,2,1,4,2,2,1,2
2,2,1,2,2,2,1,4,1,1,3,2,4,3,1,1,2,3,3,3,2,2,4,2,3,1,4,3,1,3,1,1,2,4,1,3,1,1,2,3,1,4,4,4,3,4,1,3,3,4,1,3,2,3,1,2,1,4,3,2,2,3,4,3,3,1,1,4,2,3
1,2,1,4,2,2,3,3,3,2,2,3,4,4,1,4,2,2,3,1,1,2,2,4,3,3,3,1,1,2,4,1,4,4,1,1,4,2,2,3,3,3,1,1,4,4,3,3,2,1,2,1,2,4,3,3,3,4,1,3,3,1,2,3,2,4,1,4,2,4
1,2,1,4,2,2,3,3,3,2,2,3,4,4,1,4,2,2,3,1,1,2,2,4,3,3,3,1,1,2,4,1,4,4,1,1,4,2,2,3,3,3,1,1,4,4,3,3,2,1,2,1,2,4,3,3,3,4,1,3,3,1,2,3,2,4,1,4,2,4
4,1,3,2,3,4,2,2,2,3,1,3,4,3,4,3,1,3,1,3,2,2,3,4,3,3,2,1,4,1,4,4,3,3,1,2,2,3,4,1,3,4,1,4,2,3,1,1,1,4,1,4,4,1,2,4,1,3,4,3,1,4,3,3,1,2,3,2,4,2
4,1,4,3,4,2,2,3,4,4,1,3,4,1,4,3,3,2,3,3,3,1,2,4,2,3,4,1,1,2,4,1,2,3,4,4,4,1,4,1,2,4,4,1,3,1,2,4,2,2,4,1,3,4,1,2,2,3,3,4,1,1,2,3,4,2,3,1,1,4
3,3,3,3,2,4,1,2,4,2,2,3,4,1,3,3,2,4,2,3,4,4,2,1,4,4,4,1,2,3,3,4,3,3,3,4,1,4,4,4,1,1,2,2,1,3,3,4,2,2,3,2,3,3,2,2,3,4,1,1,2,4,3,4,1,3,2,3,4,1
3,3,3,3,3,1,2,4,1,3,2,1,2,4,1,2,4,2,2,3,3,4,4,2,3,1,2,4,4,2,3,2,4,2,3,1,2,2,4,4,2,3,3,1,2,1,4,1,4,3,3,4,2,4,2,4,1,2,3,1,1,1,3,4,1,2,4,1,2,1
2,2,3,4,2,2,3,1,1,1,3,4,4,2,3,4,2,3,3,3,4,2,2,2,1,4,2,1,4,4,4,2,4,3,3,2,1,2,1,1,1,1,4,1,2,4,4,4,3,4,1,3,3,1,4,4,2,3,4,2,4,3,1,1,1,1,4,2,3,3
2,2,1,3,4,2,3,4,1,4,1,3,4,4,3,3,4,1,2,4,1,2,2,4,1,4,1,4,1,3,4,1,3,4,3,3,3,4,3,2,4,1,2,2,3,2,2,1,3,4,2,1,2,2,2,3,4,1,4,4,1,4,1,4,2,2,4,2,3,4
4,4,4,1,3,4,3,3,2,2,2,2,3,3,3,2,3,1,2,2,2,2,3,3,2,2,4,3,4,2,4,3,3,3,1,2,2,4,2,4,4,2,2,2,1,1,3,3,4,2,4,3,2,2,3,2,4,4,3,2,2,4,2,4,3,4,2,3,3,4
4,1,4,1,2,4,4,1,2,4,2,4,3,1,2,1,1,2,4,2,3,4,2,4,4,2,2,4,2,3,1,1,2,4,1,2,1,1,2,1,2,2,3,4,4,1,2,3,4,1,3,3,4,1,4,2,2,4,1,3,4,2,2,3,4,4,4,2,4,1
2,1,1,2,4,1,2,2,3,4,1,3,4,4,1,2,3,1,3,3,4,4,1,4,1,1,4,3,4,1,4,1,3,4,4,2,3,2,1,4,1,2,2,4,4,4,1,1,2,2,1,2,3,3,2,3,3,3,4,3,1,2,4,2,3,1,3,1,1,1
1,1,3,1,1,2,3,2,1,2,4,1,2,2,4,4,4,2,3,4,1,3,1,1,1,2,4,2,2,4,4,4,1,2,4,1,2,4,3,2,3,4,2,4,1,3,2,3,2,4,2,2,3,2,3,1,4,2,1,3,2,3,1,1,1,3,2,2,1,1
4,2,3,3,1,2,3,4,4,2,4,3,3,2,3,4,2,4,4,2,4,3,2,2,2,1,4,3,2,1,4,2,3,3,2,3,1,4,1,3,1,2,3,4,3,4,2,2,3,2,1,2,2,3,2,2,4,3,2,3,2,2,3,4,2,4,1,3,3,4
1,2,2,1,3,2,2,2,1,1,1,1,3,1,3,3,2,2,4,2,1,1,3,2,2,4,3,2,2,1,2,4,4,1,3,4,4,2,3,2,1,4,2,2,4,2,4,4,1,2,4,1,3,4,1,3,1,4,1,4,1,2,4,1,4,2,2,4,4,1
2,3,4,4,2,2,2,4,2,4,4,4,1,1,3,4,1,3,1,4,1,4,4,1,3,3,3,3,4,1,1,3,4,2,1,1,2,4,3,3,1,2,2,4,2,2,1,1,4,1,3,2,3,4,1,3,3,4,1,3,4,1,3,4,2,4,4,2,2,2
1,3,4,4,1,3,1,3,3,3,2,4,1,2,4,2,2,2,1,3,4,3,1,2,4,2,2,4,2,4,1,1,2,3,4,2,2,4,2,2,2,2,3,4,4,1,2,4,4,2,2,4,2,4,1,1,4,3,1,2,3,4,3,4,1,4,3,3,3,4
3,3,3,2,1,3,4,2,3,1,1,1,4,4,4,1,4,2,3,4,2,1,4,1,1,3,2,2,3,4,3,4,4,2,4,2,2,4,2,4,2,2,2,4,2,2,4,2,2,4,3,4,2,3,2,4,2,2,3,1,4,2,3,1,2,3,2,4,2,2
3,4,1,2,3,3,3,3,1,2,1,2,3,2,2,2,3,3,2,4,2,2,4,4,2,2,3,3,4,2,2,4,2,2,2,2,2,3,3,3,3,3,3,2,1,2,4,3,3,1,3,3,1,3,3,1,3,3,1,4,2,3,2,4,3,4,2,4,4,3
2,2,4,4,3,3,1,3,1,4,1,3,3,3,1,3,3,1,2,2,3,2,3,1,4,3,2,2,2,4,3,4,2,4,1,4,4,1,2,2,1,4,4,1,1,4,2,3,1,4,2,3,2,4,3,3,2,1,3,1,1,3,1,1,4,4,2,3,1,4
4,4,4,1,4,1,4,3,3,4,3,1,4,1,3,3,2,3,2,2,2,4,2,4,2,2,4,3,3,3,3,3,4,1,3,1,3,3,2,3,3,1,3,3,4,3,1,2,2,3,4,3,1,1,3,3,3,4,2,3,4,3,3,2,4,4,3,1,4,4
2,3,3,1,1,3,3,4,3,3,1,2,3,1,4,2,3,3,4,1,3,1,1,4,4,4,4,2,2,4,4,3,4,3,2,2,4,3,3,3,3,3,2,3,2,3,4,2,4,4,4,2,3,2,3,3,4,3,3,2,4,3,4,2,2,1,1,4,2,3
1,2,2,2,4,4,2,2,4,3,4,3,3,4,2,3,3,4,4,1,2,2,3,2,3,2,2,4,2,4,4,2,1,3,3,4,1,3,1,3,1,1,1,4,1,1,4,1,3,1,4,1,2,3,3,1,1,1,4,2,4,1,3,4,4,1,2,2,3,4
2,3,2,4,1,1,4,1,2,4,3,4,4,1,4,3,1,3,2,3,4,4,1,2,4,1,4,1,2,4,2,4,3,2,4,4,2,4,1,3,4,3,1,4,3,1,3,3,1,1,1,1,3,3,1,3,4,1,3,1,3,4,2,2,1,1,3,4,1,2
2,4,4,1,4,4,3,4,4,4,1,3,2,4,4,2,3,4,4,1,4,4,1,4,4,2,4,2,1,4,4,4,2,1,3,1,1,3,1,2,1,1,3,3,1,3,3,2,4,3,1,4,3,4,1,2,4,2,4,1,2,3,1,4,1,2,3,4,1,3
1,1,2,1,1,1,1,1,1,3,4,3,1,1,1,3,1,3,2,4,2,3,1,3,1,4,1,3,1,4,1,2,4,3,1,3,4,1,1,3,1,4,4,4,3,3,3,4,2,1,2,3,2,3,1,4,1,4,4,3,3,2,3,3,1,1,4,1,4,3
1,3,3,1,1,3,1,3,2,2,3,1,1,1,4,3,4,2,2,2,4,2,1,3,1,3,1,3,1,3,1,3,3,1,2,3,1,1,1,1,4,2,3,4,4,4,1,1,1,1,4,1,1,4,3,1,3,4,1,3,1,2,1,1,4,2,1,2,4,1
4,4,1,1,3,1,2,3,4,2,3,3,1,1,1,2,1,3,3,3,1,2,4,1,3,1,1,4,1,4,4,3,1,4,2,1,4,4,2,4,1,2,1,3,3,3,4,2,2,3,1,4,3,3,3,3,1,1,3,1,4,3,4,3,4,2,4,4,2,2
1,1,1,4,1,2,4,2,1,3,4,1,1,3,1,4,1,3,2,4,3,4,2,4,1,2,1,3,2,4,1,1,3,3,1,2,3,4,1,2,2,1,2,2,3,3,1,4,1,3,1,1,4,2,3,1,1,3,2,3,4,4,4,1,2,4,1,3,2,3
2,3,3,1,1,3,1,3,4,2,4,1,3,4,4,3,4,3,4,4,2,1,4,3,1,3,4,2,2,1,1,4,4,2,4,2,2,2,2,4,1,4,4,2,4,3,2,1,4,2,4,4,4,4,4,4,1,1,1,4,3,2,4,1,3,4,4,1,1,1
4,3,3,4,1,4,4,2,3,4,3,1,3,4,4,1,1,1,2,4,4,2,4,3,4,2,2,1,1,1,4,2,2,2,2,1,2,4,4,1,3,4,2,2,2,2,3,4,2,3,2,3,4,4,1,3,1,1,3,2,1,4,2,3,3,4,2,1,4,4
2,1,2,4,1,4,1,2,4,2,2,2,2,2,2,1,1,1,1,1,2,4,1,1,1,1,1,1,2,2,4,4,1,3,2,4,2,4,4,2,3,4,4,3,4,3,4,2,1,1,2,4,3,4,1,4,4,4,3,4,3,4,4,3,1,2,3,4,4,4
2,1,4,2,4,1,1,2,4,2,3,3,3,1,4,4,2,3,3,2,2,4,1,4,3,4,2,2,1,4,4,2,3,1,2,1,2,1,3,4,2,2,4,4,2,2,3,3,1,1,3,1,3,3,2,2,4,4,1,1,1,3,1,2,4,2,2,4,3,1
3,3,3,2,4,2,3,3,3,4,1,1,2,1,1,2,3,1,3,1,4,2,4,3,3,3,4,4,3,4,1,1,1,2,3,4,2,4,2,3,4,1,1,1,1,3,3,3,1,3,1,1,1,1,2,3,3,4,1,2,3,3,1,2,3,1,3,4,1,2
4,1,4,1,3,4,3,2,2,4,2,3,3,2,3,3,1,1,2,2,3,3,1,1,3,3,4,3,1,2,1,1,2,3,4,4,1,3,1,4,2,4,3,4,1,3,2,1,4,2,4,1,1,3,4,3,1,1,3,4,1,2,4,3,1,3,3,2,4,1
4,1,4,1,4,2,2,4,3,4,1,2,1,2,4,4,4,3,4,2,3,2,4,1,1,4,4,2,3,4,4,4,4,4,2,1,1,1,3,2,4,1,2,3,1,4,3,3,4,3,3,2,4,1,2,3,3,1,4,4,1,3,2,2,1,4,2,4,1,2
2,1,1,3,4,3,4,3,4,1,1,3,2,4,4,4,4,2,2,2,4,1,3,1,1,3,1,4,1,2,3,4,1,2,3,1,4,4,4,1,3,1,2,3,4,4,2,3,2,3,1,2,3,1,3,3,3,2,1,1,1,4,4,1,3,2,3,3,2,4
1,3,2,3,1,2,3,1,3,4,1,3,4,2,1,1,4,4,4,3,1,2,3,3,4,2,3,3,3,4,1,4,4,3,1,4,2,4,2,4,4,4,1,3,3,3,1,2,2,2,3,3,1,1,3,1,3,4,3,2,4,3,4,1,1,3,4,2,2,1
2,3,1,2,3,3,4,4,3,2,3,3,2,3,4,2,3,3,2,2,1,4,4,3,2,1,3,1,1,4,2,1,3,1,3,2,3,2,4,2,4,4,3,1,4,3,2,2,2,4,2,2,2,1,4,4,3,1,2,2,4,1,3,1,1,1,4,4,2,2
3,4,3,4,1,1,1,4,2,4,3,1,1,3,1,3,1,1,2,4,2,3,4,1,4,2,1,4,1,4,2,2,2,2,1,3,1,4,1,4,3,3,4,2,2,2,3,2,3,4,3,3,4,1,3,3,4,1,2,3,4,1,1,3,1,2,1,2,4,2
1,1,4,3,2,3,3,1,1,4,2,4,1,4,4,1,1,4,4,2,3,3,2,2,2,4,4,2,1,4,1,2,3,3,3,2,1,2,2,4,2,3,4,1,2,3,1,3,1,1,2,4,3,4,4,2,1,3,3,1,4,1,1,1,3,4,3,2,3,4
2,3,4,1,4,1,3,4,1,4,4,4,2,3,1,1,3,3,3,3,3,1,1,3,4,4,4,3,4,4,3,2,3,1,2,2,1,4,1,2,4,4,3,4,3,1,2,2,3,2,3,2,4,2,1,2,4,2,3,2,1,4,4,2,3,2,3,4,4,1
4,1,4,3,2,3,3,4,1,1,1,4,4,3,3,4,1,2,3,3,3,2,3,2,1,2,3,3,4,1,3,4,1,1,2,3,2,2,2,1,3,1,1,3,1,1,4,1,3,1,1,4,2,2,3,1,1,1,3,1,3,4,2,2,3,1,4,1,1,3
4,2,4,2,2,1,4,1,3,1,1,1,2,4,2,4,2,2,1,1,3,3,2,2,4,2,3,2,3,3,1,4,1,3,3,3,2,2,4,3,1,4,3,1,3,4,3,4,1,4,4,3,2,4,3,4,2,2,4,4,3,1,4,4,2,3,3,4,1,3
1,4,4,2,4,1,2,4,2,2,4,4,4,1,3,1,3,4,3,2,4,2,4,1,3,3,3,2,2,1,4,2,2,2,3,4,3,1,1,1,4,3,3,1,2,2,3,4,4,2,3,1,4,2,2,2,1,2,3,1,3,4,4,1,3,1,3,4,1,2
3,4,2,2,1,1,4,1,1,2,2,2,2,4,3,4,2,4,2,2,2,4,1,2,4,4,2,3,3,1,1,4,3,4,2,4,4,3,3,2,1,2,4,4,2,3,4,4,4,3,4,4,1,4,4,2,3,4,2,3,4,3,4,1,4,2,3,4,4,4
2,4,4,3,1,4,2,2,2,3,2,3,4,4,2,4,2,4,1,4,4,2,1,4,4,3,4,3,1,3,2,3,4,4,4,4,4,4,3,4,4,3,4,2,1,2,3,3,1,3,2,4,1,4,2,3,4,2,1,4,4,2,3,2,2,4,4,3,2,4
2,3,3,4,4,1,1,4,2,1,2,4,2,4,2,4,4,2,1,4,4,1,4,2,4,3,3,1,2,3,2,3,1,2,4,3,1,3,3,1,2,3,2,3,1,3,4,3,3,1,3,1,4,3,3,4,2,2,3,4,2,3,3,1,3,2,3,2,4,1
4,2,3,4,4,3,4,2,3,4,1,1,2,4,2,3,2,3,4,1,4,3,4,4,4,4,1,4,4,3,3,2,4,4,4,2,1,3,4,2,2,3,4,1,1,4,4,4,4,4,1,3,2,2,3,1,2,3,1,3,4,3,1,1,1,4,4,4,1,3
1,2,1,1,2,1,3,3,4,1,4,4,2,2,2,3,1,1,2,2,3,4,1,1,3,3,4,4,4,4,1,3,4,1,3,4,4,1,1,3,3,4,3,1,2,3,3,3,2,4,2,2,4,2,4,4,2,3,3,3,4,1,1,1,3,2,2,2,1,1
1,1,4,2,3,1,4,4,4,4,3,3,3,1,4,2,3,2,3,3,1,4,4,2,4,4,3,4,4,2,1,4,2,2,3,4,3,4,1,1,3,2,2,2,3,4,2,4,4,3,3,1,1,3,1,2,2,1,4,4,1,4,4,4,4,2,1,2,3,1
1,1,2,4,1,1,3,2,2,4,2,1,2,3,1,3,3,1,4,4,1,1,2,4,1,4,1,3,4,4,2,4,4,1,1,1,3,3,4,4,3,1,1,4,2,2,2,4,3,3,4,4,2,3,4,3,2,4,1,2,4,1,4,4,4,1,3,3,3,3
3,4,1,1,2,2,4,2,3,3,4,4,4,1,1,2,2,3,4,1,1,3,4,4,1,2,4,4,1,1,1,1,1,2,4,4,4,3,4,4,1,1,3,1,1,2,2,2,4,2,1,4,2,3,1,1,1,1,1,3,3,3,2,1,1,3,3,3,3,3
2,4,2,1,4,4,2,2,3,1,4,4,4,4,4,1,3,1,4,4,3,3,4,3,1,3,3,1,1,4,2,4,1,1,4,1,4,1,1,3,3,2,2,4,4,4,2,4,1,3,3,1,2,3,2,4,4,4,1,1,4,3,1,4,3,1,3,1,1,1
1,4,1,1,3,1,1,3,2,2,3,1,1,3,3,2,3,4,1,3,4,4,3,4,4,3,4,4,4,4,4,1,3,1,1,3,1,2,1,2,3,3,1,3,3,1,1,3,1,2,2,3,3,3,1,4,1,3,2,4,1,3,3,4,1,3,1,3,3,1
3,3,4,3,3,1,3,3,1,3,3,1,4,1,3,2,4,2,3,3,1,3,3,1,4,1,3,2,4,2,3,3,1,3,3,1,1,3,1,4,1,3,2,2,2,3,3,1,3,3,1,3,3,1,1,1,1,4,3,1,3,3,1,3,3,4,1,3,1,3
4,4,3,4,2,4,4,3,1,3,2,4,3,1,3,3,1,1,4,4,4,3,3,4,3,3,4,3,2,4,4,4,1,3,4,1,3,2,1,3,1,2,3,3,3,1,4,3,1,3,1,4,4,3,3,1,4,3,4,2,2,4,4,4,3,1,1,4,4,4
1,1,4,4,1,3,4,3,4,2,2,4,4,1,1,3,1,4,4,3,3,2,1,1,3,1,1,3,3,1,2,4,3,3,4,1,3,3,3,1,2,1,4,1,1,3,2,4,4,2,3,3,4,3,3,3,3,3,4,1,2,1,1,3,1,1,2,3,4,4
3,1,3,3,2,3,3,1,1,3,1,1,3,2,1,1,4,4,3,4,4,3,1,4,1,1,1,4,1,3,2,2,1,2,4,4,2,4,3,3,4,2,3,4,3,3,1,3,1,4,1,1,3,4,1,1,4,1,3,4,3,4,2,1,4,4,1,2,4,2
1,2,4,1,2,4,2,4,4,2,3,4,2,2,3,4,1,2,3,1,3,2,3,4,3,3,3,3,3,4,1,1,4,1,2,1,2,4,4,2,2,4,1,4,3,4,3,3,4,3,4,2,1,4,2,2,3,4,2,1,2,2,4,4,1,4,4,1,2,3
3,3,3,2,3,1,1,4,2,2,2,4,4,3,4,3,4,1,1,2,3,2,2,2,2,3,4,1,2,2,1,4,2,1,4,4,3,2,4,1,4,4,2,4,4,1,4,1,3,4,4,4,4,2,1,4,2,1,2,1,3,4,4,1,3,4,1,1,1,2
4,4,4,3,3,4,1,3,2,4,2,4,3,1,4,1,3,1,2,1,1,1,3,1,4,1,3,4,3,3,4,3,3,4,3,1,4,4,2,4,4,1,1,4,1,3,1,1,1,1,4,4,1,3,4,1,3,4,3,3,4,1,3,2,2,1,3,1,1,1
1,2,1,4,1,4,1,1,4,1,1,3,2,3,4,1,3,4,1,1,4,1,3,3,1,3,3,1,2,2,1,1,1,3,1,2,2,1,4,1,3,4,4,1,1,4,3,1,3,4,4,1,3,4,3,4,1,1,1,4,4,4,3,1,3,1,3,2,2,1
1,3,1,1,1,2,4,3,3,1,2,4,2,2,2,4,4,1,1,4,4,4,2,3,2,1,2,3,4,4,1,2,4,2,2,4,4,1,3,4,1,3,1,3,2,4,3,3,3,3,2,4,1,1,3,1,3,4,1,3,3,1,1,4,2,3,1,1,1,1
2,1,1,1,1,1,1,4,4,3,1,2,4,2,4,2,3,4,3,2,2,4,3,4,2,4,1,4,4,1,3,1,1,3,2,2,3,2,2,2,3,2,1,2,4,1,4,1,1,3,1,3,4,3,1,1,3,1,2,4,1,1,4,2,2,4,1,3,4,3
4,1,4,2,4,2,4,3,1,3,3,1,4,3,4,4,3,1,3,3,4,2,4,2,4,2,2,4,1,1,4,1,1,3,2,1,4,2,3,4,3,4,3,4,2,3,1,4,2,4,2,2,1,1,1,3,1,3,2,1,3,3,4,1,3,4,3,1,4,4
3,4,3,4,2,2,1,2,2,4,1,1,1,1,1,1,3,3,4,3,3,3,1,1,2,2,1,4,1,2,4,1,2,4,4,2,4,3,1,4,1,2,3,1,3,2,1,1,1,3,1,1,1,2,2,4,4,4,1,4,3,4,4,2,2,1,4,1,2,3
2,3,3,1,3,2,2,1,2,4,1,1,4,4,4,4,1,1,1,2,3,3,3,1,2,2,3,3,4,3,3,4,1,3,3,4,3,4,4,2,4,4,4,1,3,3,1,4,2,1,4,2,4,4,1,4,4,4,3,4,1,2,3,1,1,2,2,3,3,4
2,4,1,3,4,3,4,4,3,3,3,4,4,2,2,4,2,1,2,3,1,2,2,2,4,2,4,3,1,3,2,2,1,1,2,3,1,2,1,2,1,4,3,4,3,4,4,2,1,4,4,3,1,1,1,4,4,1,1,1,2,1,4,2,2,2,2,3,3,1
1,4,1,3,2,4,1,3,4,2,4,2,2,1,4,4,1,4,4,1,4,3,4,4,4,4,3,4,4,1,1,4,1,4,4,2,2,1,1,2,4,4,4,1,3,1,1,1,2,2,3,3,4,4,4,3,4,4,3,4,4,4,2,1,3,2,3,2,1,4
4,1,3,3,1,1,1,3,2,4,4,4,3,4,2,4,4,4,1,4,4,1,4,2,3,2,1,2,2,1,4,2,2,4,4,2,4,3,1,3,1,4,3,4,4,4,1,3,3,4,4,3,1,1,3,2,4,4,1,1,1,2,3,1,4,2,1,1,2,3
4,1,3,3,2,3,4,3,4,1,3,2,2,1,3,4,2,3,3,4,3,3,4,2,4,4,1,4,4,4,2,1,2,3,2,4,3,2,4,1,4,1,3,3,4,4,2,4,3,3,4,1,2,1,1,2,1,2,1,1,1,1,4,3,4,4,2,3,1,2
3,1,2,4,1,3,1,3,3,4,4,3,1,3,3,2,1,2,4,4,1,3,4,2,4,1,1,4,3,1,4,3,1,3,2,4,3,3,2,3,1,3,4,2,4,2,4,4,3,4,2,2,3,3,2,4,2,1,4,3,1,4,4,1,3,1,4,3,3,1
1,2,4,2,2,2,4,1,3,1,2,2,3,4,4,3,3,4,2,3,4,3,3,3,1,3,1,2,4,2,2,4,4,2,2,4,1,4,4,4,4,2,4,3,2,4,1,3,3,4,2,3,2,2,4,2,3,1,4,2,2,2,3,3,1,1,1,3,2,2
4,3,2,4,2,2,4,3,4,1,1,4,4,4,4,3,4,2,4,3,3,3,4,3,3,1,1,2,4,3,3,3,1,4,4,3,2,2,4,1,1,2,2,2,3,2,3,3,1,3,3,1,3,2,2,2,1,4,2,4,4,4,2,4,2,3,2,4,2,1
4,2,2,4,1,1,4,4,4,4,2,2,4,2,4,4,3,3,1,2,4,2,4,4,2,3,3,3,4,1,2,2,1,4,4,4,3,3,1,4,3,1,3,2,2,4,1,2,1,4,4,3,1,1,4,2,2,4,3,1,4,3,4,3,1,2,2,1,3,4
3,1,3,2,4,1,3,2,3,3,1,4,3,3,4,2,1,4,3,1,2,2,3,1,2,3,2,4,2,3,3,2,3,1,4,3,4,3,3,4,2,3,1,3,4,2,1,2,4,2,4,3,3,4,2,3,4,3,1,4,1,2,4,2,1,3,1,4,4,1
4,2,3,4,4,3,4,4,3,4,2,2,2,4,3,4,2,3,4,2,2,2,3,4,4,4,3,3,3,1,1,4,2,4,1,2,2,3,1,3,2,2,4,1,2,4,2,1,4,2,2,4,3,1,1,4,2,4,4,4,4,1,1,3,3,1,2,4,1,4
2,4,1,1,2,2,3,1,3,1,4,1,1,2,1,4,1,2,1,4,1,2,1,2,3,2,1,2,3,2,2,2,2,3,1,4,3,4,1,1,1,1,1,2,3,2,4,1,1,1,3,1,3,1,4,1,2,4,1,4,1,1,4,1,4,2,2,4,1,2
